"Data";"Hora (UTC)";"Temp. Ins. (C)";"Temp. Max. (C)";"Temp. Min. (C)";"Umi. Ins. (%)";"Umi. Max. (%)";"Umi. Min. (%)";"Pto Orvalho Ins. (C)";"Pto Orvalho Max. (C)";"Pto Orvalho Min. (C)";"Pressao Ins. (hPa)";"Pressao Max. (hPa)";"Pressao Min. (hPa)";"Vel. Vento (m/s)";"Dir. Vento (m/s)";"Raj. Vento (m/s)";"Radiacao (KJ/m²)";"Chuva (mm)"
"01/04/2025";"0000";"24,6";"25,0";"24,6";"100,0";"100,0";"100,0";"24,6";"25,0";"24,6";"1005,3";"1005,3";"1004,0";"0,0";"235,0";"1,2";"";""
"01/04/2025";"0100";"24,8";"24,9";"24,5";"100,0";"";"";"24,8";"";"";"1005,8";"1005,8";"1005,3";"0,0";"257,0";"1,0";"";""
"01/04/2025";"0200";"24,9";"25,1";"24,7";"";"";"";"";"";"";"1006,7";"1006,7";"1005,8";"0,0";"243,0";"0,8";"";""
"01/04/2025";"0300";"24,7";"24,9";"24,6";"";"";"";"";"";"";"1007,0";"1007,1";"1006,7";"0,0";"279,0";"0,4";"";""
"01/04/2025";"0400";"24,7";"24,7";"24,6";"";"";"";"";"";"";"1006,7";"1007,0";"1006,7";"0,8";"293,0";"1,4";"";""
"01/04/2025";"0500";"24,7";"24,8";"24,7";"";"";"";"";"";"";"1006,2";"1006,7";"1006,2";"0,0";"315,0";"1,4";"";""
"01/04/2025";"0600";"24,8";"24,9";"24,7";"";"";"";"";"";"";"1005,6";"1006,2";"1005,6";"0,0";"240,0";"0,9";"";""
"01/04/2025";"0700";"24,7";"24,8";"24,6";"";"";"";"";"";"";"1005,1";"1005,6";"1005,1";"0,0";"243,0";"1,0";"";""
"01/04/2025";"0800";"25,2";"25,3";"24,7";"100,0";"";"";"25,2";"";"";"1005,5";"1005,5";"1005,1";"0,1";"255,0";"1,3";"";""
"01/04/2025";"0900";"24,2";"25,2";"24,2";"";"";"";"";"";"";"1005,3";"1005,5";"1005,3";"0,0";"306,0";"0,8";"";""
"01/04/2025";"1000";"24,1";"24,2";"24,0";"";"";"";"";"";"";"1005,9";"1005,9";"1005,3";"0,0";"303,0";"0,0";"2,70";""
"01/04/2025";"1100";"25,4";"25,4";"24,1";"100,0";"";"";"25,4";"";"";"1006,5";"1006,5";"1005,9";"0,0";"262,0";"0,0";"133,70";""
"01/04/2025";"1200";"25,9";"25,9";"25,4";"100,0";"100,0";"99,0";"25,9";"25,9";"25,4";"1007,4";"1007,4";"1006,5";"1,3";"296,0";"2,4";"479,90";""
"01/04/2025";"1300";"27,5";"27,5";"25,9";"85,0";"100,0";"82,0";"24,7";"26,3";"24,0";"1008,0";"1008,0";"1007,4";"0,6";"295,0";"2,4";"1029,60";""
"01/04/2025";"1400";"28,2";"28,5";"27,2";"78,0";"93,0";"78,0";"24,1";"26,4";"23,9";"1008,2";"1008,3";"1008,0";"1,2";"228,0";"2,5";"1304,90";""
"01/04/2025";"1500";"27,7";"28,8";"27,6";"82,0";"83,0";"76,0";"24,2";"24,9";"23,5";"1007,9";"1008,2";"1007,9";"1,3";"239,0";"2,5";"1383,80";""
"01/04/2025";"1600";"27,2";"29,1";"27,2";"83,0";"83,0";"74,0";"24,0";"24,7";"23,5";"1007,3";"1007,9";"1007,0";"2,0";"265,0";"6,7";"1448,50";""
"01/04/2025";"1700";"26,0";"27,1";"25,1";"100,0";"";"";"26,0";"";"";"1005,7";"1007,4";"1005,7";"0,1";"272,0";"6,7";"543,80";""
"01/04/2025";"1800";"28,1";"28,5";"26,0";"84,0";"100,0";"83,0";"25,2";"27,9";"25,0";"1004,1";"1005,7";"1004,1";"1,8";"268,0";"3,9";"1324,00";""
"01/04/2025";"1900";"29,6";"29,7";"28,0";"71,0";"88,0";"69,0";"23,9";"26,0";"23,3";"1002,8";"1004,1";"1002,7";"2,5";"275,0";"5,5";"1935,20";""
"01/04/2025";"2000";"30,3";"30,6";"29,6";"68,0";"75,0";"68,0";"23,8";"25,0";"23,6";"1002,0";"1002,8";"1002,0";"1,3";"303,0";"4,5";"1744,00";""
"01/04/2025";"2100";"29,2";"31,0";"29,2";"74,0";"74,0";"64,0";"24,1";"24,5";"22,9";"1002,3";"1002,3";"1001,8";"0,4";"245,0";"2,6";"689,10";""
"01/04/2025";"2200";"27,3";"29,2";"27,3";"85,0";"85,0";"74,0";"24,5";"24,7";"24,1";"1002,5";"1002,7";"1002,3";"0,0";"266,0";"1,5";"75,70";""
"01/04/2025";"2300";"26,7";"27,3";"26,7";"98,0";"98,0";"85,0";"26,4";"26,4";"24,5";"1003,3";"1003,3";"1002,5";"0,0";"269,0";"1,0";"";""
"02/04/2025";"0000";"26,6";"26,7";"26,3";"98,0";"100,0";"97,0";"26,2";"26,4";"26,1";"1004,0";"1004,0";"1003,3";"0,4";"278,0";"1,6";"";""
"02/04/2025";"0100";"26,2";"26,6";"26,2";"100,0";"100,0";"98,0";"26,2";"26,4";"26,2";"1004,8";"1004,8";"1004,0";"0,3";"305,0";"1,1";"";""
"02/04/2025";"0200";"26,2";"26,2";"26,1";"100,0";"100,0";"100,0";"26,2";"26,2";"26,1";"1006,1";"1006,1";"1004,8";"0,0";"236,0";"0,9";"";""
"02/04/2025";"0300";"26,8";"26,9";"26,2";"100,0";"100,0";"100,0";"26,8";"26,9";"26,2";"1006,4";"1006,4";"1006,1";"0,5";"241,0";"2,5";"";""
"02/04/2025";"0400";"26,7";"27,1";"26,7";"100,0";"100,0";"100,0";"26,7";"27,1";"26,7";"1006,2";"1006,4";"1006,2";"0,8";"223,0";"3,0";"";""
"02/04/2025";"0500";"26,6";"26,8";"26,4";"100,0";"100,0";"100,0";"26,6";"26,8";"26,4";"1005,5";"1006,2";"1005,5";"0,3";"213,0";"2,3";"";""
"02/04/2025";"0600";"26,5";"26,6";"26,3";"100,0";"";"";"26,5";"";"";"1004,9";"1005,5";"1004,9";"0,1";"257,0";"1,7";"";""
"02/04/2025";"0700";"26,1";"26,5";"26,1";"100,0";"100,0";"100,0";"26,1";"26,5";"26,1";"1004,5";"1004,9";"1004,4";"0,2";"225,0";"2,0";"";""
"02/04/2025";"0800";"25,6";"26,2";"25,6";"";"100,0";"99,0";"";"26,1";"25,6";"1004,5";"1004,6";"1004,4";"0,0";"251,0";"1,9";"";""
"02/04/2025";"0900";"25,1";"25,6";"25,1";"";"";"";"";"";"";"1005,0";"1005,0";"1004,5";"1,0";"300,0";"1,4";"";""
"02/04/2025";"1000";"24,4";"25,2";"24,4";"";"";"";"";"";"";"1005,8";"1005,8";"1005,0";"2,7";"300,0";"5,9";"0,10";""
"02/04/2025";"1100";"23,7";"24,4";"23,5";"";"";"";"";"";"";"1006,8";"1006,8";"1005,7";"2,7";"295,0";"7,7";"38,40";""
"02/04/2025";"1200";"24,2";"24,2";"23,6";"";"";"";"";"";"";"1007,2";"1007,2";"1006,7";"1,7";"295,0";"5,7";"271,40";""
"02/04/2025";"1300";"25,9";"26,1";"24,1";"95,0";"100,0";"90,0";"25,1";"25,9";"24,1";"1007,5";"1007,6";"1007,2";"1,8";"307,0";"4,7";"1009,70";""
"02/04/2025";"1400";"26,8";"26,8";"25,8";"85,0";"95,0";"85,0";"24,1";"25,3";"23,7";"1007,6";"1007,8";"1007,5";"1,0";"298,0";"5,1";"1244,60";""
"02/04/2025";"1500";"27,9";"27,9";"26,8";"81,0";"87,0";"79,0";"24,4";"25,3";"23,4";"1006,9";"1007,6";"1006,9";"1,2";"313,0";"3,5";"2093,60";""
"02/04/2025";"1600";"28,8";"29,0";"27,6";"77,0";"84,0";"75,0";"24,4";"25,2";"23,6";"1006,3";"1006,9";"1006,3";"1,5";"293,0";"3,2";"1705,10";""
"02/04/2025";"1700";"29,1";"29,6";"28,4";"74,0";"79,0";"71,0";"24,0";"25,0";"23,5";"1005,2";"1006,3";"1005,2";"2,0";"289,0";"4,0";"2053,30";""
"02/04/2025";"1800";"28,9";"29,8";"28,8";"74,0";"79,0";"72,0";"23,9";"25,3";"23,5";"1004,1";"1005,2";"1004,1";"2,0";"315,0";"5,5";"2269,30";""
"02/04/2025";"1900";"29,6";"30,1";"28,8";"71,0";"78,0";"69,0";"23,9";"25,6";"23,0";"1002,8";"1004,1";"1002,8";"2,3";"323,0";"5,8";"2565,10";""
"02/04/2025";"2000";"29,1";"30,0";"28,5";"72,0";"79,0";"69,0";"23,5";"24,9";"23,3";"1001,9";"1002,8";"1001,9";"1,6";"296,0";"5,7";"1569,30";""
"02/04/2025";"2100";"28,6";"29,2";"28,5";"75,0";"78,0";"72,0";"23,8";"24,5";"23,6";"1002,0";"1002,1";"1001,8";"1,5";"305,0";"4,2";"731,40";""
"02/04/2025";"2200";"27,1";"28,6";"27,1";"88,0";"88,0";"75,0";"24,9";"24,9";"23,7";"1002,2";"1002,2";"1002,0";"1,4";"297,0";"4,5";"178,00";""
"02/04/2025";"2300";"26,2";"27,1";"26,2";"97,0";"98,0";"88,0";"25,7";"25,8";"25,0";"1002,9";"1002,9";"1002,2";"0,9";"278,0";"2,7";"0,30";""
"03/04/2025";"0000";"25,7";"26,2";"25,7";"99,0";"99,0";"97,0";"25,5";"25,7";"25,4";"1003,9";"1003,9";"1002,9";"0,3";"264,0";"2,2";"";""
"03/04/2025";"0100";"25,7";"25,9";"25,6";"100,0";"100,0";"99,0";"25,7";"25,8";"25,5";"1005,1";"1005,1";"1003,9";"0,0";"267,0";"1,2";"";""
"03/04/2025";"0200";"25,9";"26,0";"25,6";"99,0";"100,0";"99,0";"25,8";"26,0";"25,6";"1006,3";"1006,3";"1005,1";"0,0";"225,0";"0,0";"";""
"03/04/2025";"0300";"25,9";"26,1";"25,9";"100,0";"100,0";"99,0";"25,9";"26,1";"25,8";"1006,1";"1006,4";"1006,0";"0,0";"302,0";"0,9";"";""
"03/04/2025";"0400";"25,8";"26,0";"25,7";"";"";"";"";"";"";"1006,0";"1006,1";"1005,9";"0,1";"226,0";"1,1";"";""
"03/04/2025";"0500";"25,8";"25,8";"25,6";"";"";"";"";"";"";"1005,5";"1006,0";"1005,5";"0,0";"244,0";"0,9";"";""
"03/04/2025";"0600";"26,0";"26,0";"25,6";"";"";"";"";"";"";"1004,8";"1005,5";"1004,8";"0,6";"338,0";"1,4";"";""
"03/04/2025";"0700";"26,5";"26,5";"25,8";"98,0";"";"";"26,2";"";"";"1004,5";"1004,8";"1004,3";"0,7";"271,0";"3,1";"";""
"03/04/2025";"0800";"26,3";"26,5";"26,2";"";"100,0";"98,0";"";"26,4";"26,1";"1004,3";"1004,6";"1004,3";"1,0";"270,0";"2,1";"";""
"03/04/2025";"0900";"26,1";"26,4";"26,1";"";"";"";"";"";"";"1005,1";"1005,1";"1004,3";"0,3";"325,0";"2,5";"";""
"03/04/2025";"1000";"26,2";"26,2";"25,9";"";"";"";"";"";"";"1005,3";"1005,3";"1005,1";"1,2";"265,0";"2,8";"0,70";""
"03/04/2025";"1100";"26,5";"26,6";"26,2";"98,0";"";"";"26,2";"";"";"1005,8";"1005,8";"1005,3";"1,9";"226,0";"4,0";"113,40";""
"03/04/2025";"1200";"27,1";"27,1";"26,5";"92,0";"98,0";"92,0";"25,6";"26,5";"25,5";"1006,7";"1006,7";"1005,8";"0,9";"233,0";"3,5";"461,50";""
"03/04/2025";"1300";"27,5";"27,6";"27,0";"92,0";"94,0";"88,0";"26,0";"26,3";"25,0";"1007,3";"1007,3";"1006,7";"1,7";"234,0";"3,6";"725,40";""
"03/04/2025";"1400";"28,2";"28,5";"27,5";"82,0";"93,0";"80,0";"24,8";"26,3";"24,4";"1007,6";"1007,6";"1007,3";"1,5";"240,0";"3,8";"1660,30";""
"03/04/2025";"1500";"24,6";"28,8";"24,6";"100,0";"100,0";"76,0";"24,6";"25,3";"22,8";"1007,5";"1007,6";"1007,0";"3,6";"294,0";"8,6";"1354,10";""
"03/04/2025";"1600";"23,9";"24,6";"23,5";"";"";"";"";"";"";"1006,8";"1007,5";"1006,8";"1,3";"295,0";"6,6";"191,40";""
"03/04/2025";"1700";"24,1";"24,3";"23,9";"";"";"";"";"";"";"1005,7";"1006,9";"1005,7";"1,9";"340,0";"4,7";"113,80";""
"03/04/2025";"1800";"24,3";"24,3";"24,0";"";"";"";"";"";"";"1005,0";"1005,7";"1005,0";"1,3";"328,0";"4,3";"214,30";""
"03/04/2025";"1900";"24,9";"24,9";"24,3";"";"";"";"";"";"";"1003,5";"1005,0";"1003,5";"0,6";"267,0";"3,3";"397,60";""
"03/04/2025";"2000";"24,6";"24,9";"24,5";"";"";"";"";"";"";"1003,4";"1003,5";"1003,1";"0,4";"238,0";"2,1";"98,60";""
"03/04/2025";"2100";"24,8";"24,9";"24,6";"";"";"";"";"";"";"1004,0";"1004,0";"1003,4";"0,3";"309,0";"1,8";"112,90";""
"03/04/2025";"2200";"24,6";"24,9";"24,6";"";"";"";"";"";"";"1004,2";"1004,2";"1003,7";"0,4";"308,0";"3,0";"49,60";""
"03/04/2025";"2300";"24,4";"24,6";"24,4";"";"";"";"";"";"";"1004,2";"1004,3";"1004,0";"0,9";"338,0";"2,3";"";""
"04/04/2025";"0000";"24,2";"24,4";"24,1";"";"";"";"";"";"";"1005,5";"1005,5";"1004,2";"0,6";"261,0";"2,5";"";""
"04/04/2025";"0100";"24,5";"24,5";"24,2";"";"";"";"";"";"";"1006,6";"1006,6";"1005,5";"0,7";"339,0";"1,8";"";""
"04/04/2025";"0200";"24,6";"24,7";"24,4";"";"";"";"";"";"";"1007,6";"1007,6";"1006,6";"0,2";"339,0";"1,7";"";""
"04/04/2025";"0300";"24,2";"24,6";"24,1";"";"";"";"";"";"";"1007,5";"1007,6";"1007,4";"0,7";"328,0";"2,4";"";""
"04/04/2025";"0400";"24,5";"24,5";"24,2";"";"";"";"";"";"";"1007,1";"1007,5";"1007,1";"0,0";"326,0";"2,4";"";""
"04/04/2025";"0500";"24,3";"24,5";"24,2";"";"";"";"";"";"";"1006,1";"1007,1";"1006,1";"0,5";"278,0";"2,4";"";""
"04/04/2025";"0600";"24,2";"24,3";"24,0";"";"";"";"";"";"";"1005,9";"1006,1";"1005,8";"0,6";"338,0";"2,4";"";""
"04/04/2025";"0700";"23,7";"24,2";"23,7";"";"";"";"";"";"";"1005,6";"1005,9";"1005,5";"0,8";"338,0";"3,2";"";""
"04/04/2025";"0800";"23,7";"23,9";"23,7";"";"";"";"";"";"";"1006,0";"1006,0";"1005,6";"0,6";"340,0";"2,3";"";""
"04/04/2025";"0900";"23,9";"24,2";"23,7";"";"";"";"";"";"";"1006,5";"1006,5";"1006,0";"1,0";"334,0";"2,5";"";""
"04/04/2025";"1000";"23,9";"24,0";"23,7";"";"";"";"";"";"";"1007,2";"1007,2";"1006,5";"1,3";"339,0";"2,8";"1,20";""
"04/04/2025";"1100";"23,7";"23,9";"23,6";"";"";"";"";"";"";"1008,0";"1008,0";"1007,2";"1,5";"341,0";"3,0";"118,40";""
"04/04/2025";"1200";"25,6";"25,6";"23,7";"";"";"";"";"";"";"1008,8";"1008,8";"1008,0";"1,0";"338,0";"3,4";"591,70";""
"04/04/2025";"1300";"26,7";"26,7";"25,6";"95,0";"100,0";"90,0";"25,8";"26,3";"24,6";"1009,6";"1009,6";"1008,8";"0,8";"297,0";"3,6";"883,10";""
"04/04/2025";"1400";"27,3";"28,2";"26,5";"86,0";"98,0";"83,0";"24,8";"26,4";"24,3";"1009,7";"1009,7";"1009,6";"1,2";"247,0";"2,6";"1110,20";""
"04/04/2025";"1500";"27,6";"28,3";"27,2";"81,0";"91,0";"80,0";"24,1";"25,9";"24,0";"1009,0";"1009,7";"1009,0";"2,2";"238,0";"3,8";"2245,70";""
"04/04/2025";"1600";"28,3";"28,9";"27,5";"77,0";"83,0";"75,0";"23,9";"25,3";"23,8";"1007,8";"1009,0";"1007,8";"2,3";"237,0";"4,1";"3064,80";""
"04/04/2025";"1700";"29,2";"29,4";"28,3";"70,0";"77,0";"69,0";"23,2";"24,2";"23,1";"1007,0";"1007,8";"1007,0";"2,0";"231,0";"4,5";"3270,70";""
"04/04/2025";"1800";"29,7";"30,3";"28,8";"67,0";"75,0";"63,0";"23,0";"24,3";"22,5";"1005,8";"1007,0";"1005,8";"1,5";"226,0";"4,5";"2299,80";""
"04/04/2025";"1900";"28,2";"30,6";"28,1";"74,0";"77,0";"65,0";"23,1";"24,7";"22,4";"1004,6";"1005,8";"1004,6";"0,9";"250,0";"2,6";"1198,10";""
"04/04/2025";"2000";"28,8";"28,9";"27,7";"78,0";"79,0";"74,0";"24,5";"24,7";"23,2";"1005,1";"1005,3";"1004,5";"1,5";"324,0";"4,8";"808,20";""
"04/04/2025";"2100";"27,7";"29,3";"27,7";"77,0";"79,0";"75,0";"23,4";"25,0";"23,3";"1005,1";"1005,2";"1004,9";"2,7";"311,0";"5,4";"780,30";""
"04/04/2025";"2200";"25,3";"27,7";"25,3";"100,0";"100,0";"78,0";"25,3";"25,6";"23,2";"1005,4";"1005,4";"1005,0";"1,4";"313,0";"5,3";"112,50";""
"04/04/2025";"2300";"24,6";"25,3";"24,6";"100,0";"100,0";"100,0";"24,6";"25,3";"24,6";"1006,6";"1006,6";"1005,2";"1,2";"307,0";"3,4";"";""
"05/04/2025";"0000";"24,1";"24,6";"24,1";"";"";"";"";"";"";"1007,7";"1007,7";"1006,6";"0,7";"258,0";"2,8";"";""
"05/04/2025";"0100";"24,8";"24,8";"24,0";"100,0";"";"";"24,8";"";"";"1008,7";"1008,7";"1007,7";"0,3";"283,0";"4,5";"";""
"05/04/2025";"0200";"24,3";"24,8";"24,0";"97,0";"100,0";"92,0";"23,8";"24,8";"23,1";"1009,7";"1009,7";"1008,7";"0,2";"240,0";"3,0";"";""
"05/04/2025";"0300";"24,2";"24,5";"24,2";"100,0";"100,0";"96,0";"24,2";"24,4";"23,8";"1010,4";"1010,4";"1009,7";"0,1";"288,0";"1,7";"";""
"05/04/2025";"0400";"23,9";"24,2";"23,9";"";"";"";"";"";"";"1009,2";"1010,4";"1009,2";"1,6";"337,0";"4,4";"";""
"05/04/2025";"0500";"23,8";"24,0";"23,7";"";"";"";"";"";"";"1008,6";"1009,2";"1008,6";"0,8";"275,0";"3,7";"";""
"05/04/2025";"0600";"23,7";"23,8";"23,7";"";"";"";"";"";"";"1007,8";"1008,6";"1007,7";"1,4";"335,0";"3,8";"";""
"05/04/2025";"0700";"23,5";"23,8";"23,5";"";"";"";"";"";"";"1007,5";"1007,9";"1007,5";"1,0";"340,0";"3,6";"";""
"05/04/2025";"0800";"23,5";"23,5";"23,4";"";"";"";"";"";"";"1007,5";"1007,6";"1007,4";"0,0";"322,0";"1,9";"";""
"05/04/2025";"0900";"23,4";"23,5";"23,4";"";"";"";"";"";"";"1007,4";"1007,6";"1007,3";"0,0";"306,0";"0,0";"";""
"05/04/2025";"1000";"23,3";"23,5";"23,2";"";"";"";"";"";"";"1007,6";"1007,6";"1007,4";"0,0";"341,0";"0,0";"2,80";""
"05/04/2025";"1100";"23,7";"23,7";"23,3";"";"";"";"";"";"";"1008,5";"1008,5";"1007,6";"0,0";"312,0";"0,0";"208,20";""
"05/04/2025";"1200";"25,8";"25,8";"23,8";"96,0";"";"";"25,2";"";"";"1009,3";"1009,3";"1008,5";"0,0";"219,0";"1,5";"700,40";""
"05/04/2025";"1300";"26,1";"26,1";"25,2";"96,0";"100,0";"92,0";"25,3";"25,7";"24,3";"1009,7";"1009,8";"1009,3";"0,6";"218,0";"1,9";"1007,40";""
"05/04/2025";"1400";"27,5";"27,6";"26,1";"82,0";"96,0";"81,0";"24,1";"25,5";"23,7";"1009,9";"1009,9";"1009,7";"1,5";"225,0";"2,7";"1596,70";""
"05/04/2025";"1500";"28,6";"28,6";"27,0";"78,0";"83,0";"76,0";"24,4";"24,6";"23,4";"1009,8";"1010,0";"1009,8";"1,2";"231,0";"2,9";"1866,60";""
"05/04/2025";"1600";"28,3";"28,7";"28,1";"75,0";"78,0";"73,0";"23,5";"24,3";"23,2";"1008,9";"1009,8";"1008,9";"1,8";"241,0";"2,8";"1977,80";""
"05/04/2025";"1700";"28,7";"28,8";"28,1";"76,0";"79,0";"74,0";"24,0";"24,5";"23,3";"1008,0";"1008,9";"1008,0";"2,1";"241,0";"3,4";"2051,50";""
"05/04/2025";"1800";"29,5";"29,8";"28,5";"68,0";"77,0";"66,0";"23,0";"24,5";"22,4";"1006,6";"1008,0";"1006,6";"1,5";"223,0";"3,0";"2536,90";""
"05/04/2025";"1900";"29,0";"30,1";"29,0";"72,0";"72,0";"67,0";"23,5";"24,1";"22,5";"1005,5";"1006,7";"1005,5";"1,4";"237,0";"2,7";"1635,00";""
"05/04/2025";"2000";"28,8";"29,2";"28,6";"75,0";"76,0";"72,0";"24,0";"24,2";"23,5";"1005,3";"1005,6";"1005,2";"1,1";"235,0";"2,2";"640,10";""
"05/04/2025";"2100";"28,9";"29,5";"28,8";"72,0";"75,0";"70,0";"23,2";"24,1";"22,8";"1004,9";"1005,3";"1004,8";"0,9";"253,0";"2,0";"529,50";""
"05/04/2025";"2200";"27,7";"28,9";"27,6";"84,0";"84,0";"72,0";"24,8";"24,8";"23,0";"1005,3";"1005,3";"1004,8";"0,6";"241,0";"2,0";"129,00";""
"05/04/2025";"2300";"27,1";"27,9";"27,1";"97,0";"97,0";"83,0";"26,5";"26,5";"24,7";"1006,2";"1006,2";"1005,3";"0,2";"262,0";"2,5";"";""
"06/04/2025";"0000";"27,0";"27,1";"26,8";"98,0";"99,0";"97,0";"26,7";"26,8";"26,4";"1006,8";"1006,8";"1006,2";"0,3";"254,0";"2,0";"";""
"06/04/2025";"0100";"27,2";"27,3";"26,9";"95,0";"99,0";"94,0";"26,3";"26,8";"26,1";"1007,3";"1007,3";"1006,8";"0,5";"252,0";"1,7";"";""
"06/04/2025";"0200";"26,4";"27,3";"26,3";"100,0";"100,0";"95,0";"26,4";"26,7";"26,3";"1007,8";"1007,8";"1007,3";"0,0";"302,0";"1,4";"";""
"06/04/2025";"0300";"25,8";"26,4";"25,8";"";"";"";"";"";"";"1008,2";"1008,2";"1007,8";"0,1";"305,0";"1,6";"";""
"06/04/2025";"0400";"25,7";"25,9";"25,7";"";"";"";"";"";"";"1007,7";"1008,2";"1007,7";"0,5";"303,0";"1,4";"";""
"06/04/2025";"0500";"25,6";"25,7";"25,6";"";"";"";"";"";"";"1007,2";"1007,7";"1007,2";"0,3";"305,0";"1,6";"";""
"06/04/2025";"0600";"25,7";"26,0";"25,6";"";"";"";"";"";"";"1007,0";"1007,2";"1006,9";"0,4";"329,0";"2,6";"";""
"06/04/2025";"0700";"25,5";"25,7";"25,2";"";"";"";"";"";"";"1006,5";"1007,0";"1006,5";"0,3";"327,0";"1,4";"";""
"06/04/2025";"0800";"25,2";"25,7";"25,1";"";"";"";"";"";"";"1006,4";"1006,5";"1006,3";"0,2";"336,0";"2,0";"";""
"06/04/2025";"0900";"25,1";"25,2";"25,1";"";"";"";"";"";"";"1006,6";"1006,6";"1006,3";"0,6";"343,0";"1,8";"";""
"06/04/2025";"1000";"25,5";"25,5";"25,0";"";"";"";"";"";"";"1007,2";"1007,2";"1006,6";"0,6";"334,0";"1,7";"1,30";""
"06/04/2025";"1100";"26,0";"26,0";"25,3";"";"";"";"";"";"";"1007,8";"1007,8";"1007,2";"0,8";"295,0";"1,7";"157,30";""
"06/04/2025";"1200";"27,1";"27,2";"26,0";"93,0";"100,0";"92,0";"25,8";"26,9";"25,6";"1008,3";"1008,3";"1007,8";"2,6";"235,0";"3,8";"605,60";""
"06/04/2025";"1300";"28,1";"28,4";"27,1";"81,0";"95,0";"81,0";"24,6";"26,7";"24,6";"1008,9";"1008,9";"1008,3";"1,9";"240,0";"3,9";"1492,80";""
"06/04/2025";"1400";"27,8";"28,8";"27,8";"90,0";"90,0";"80,0";"26,1";"26,1";"24,8";"1008,7";"1008,9";"1008,7";"2,1";"238,0";"3,9";"1991,20";""
"06/04/2025";"1500";"28,1";"29,4";"27,8";"87,0";"91,0";"78,0";"25,6";"26,3";"24,7";"1008,2";"1008,7";"1008,1";"2,1";"236,0";"3,9";"1762,90";""
"06/04/2025";"1600";"29,6";"29,9";"27,8";"74,0";"93,0";"72,0";"24,4";"27,1";"24,2";"1007,2";"1008,2";"1007,2";"1,1";"254,0";"3,9";"2580,20";""
"06/04/2025";"1700";"29,4";"29,7";"29,0";"73,0";"76,0";"72,0";"24,1";"24,7";"23,8";"1005,5";"1007,2";"1005,5";"0,8";"246,0";"2,8";"774,40";""
"06/04/2025";"1800";"29,8";"29,8";"29,3";"71,0";"75,0";"69,0";"23,9";"24,6";"23,2";"1004,2";"1005,5";"1004,2";"0,8";"244,0";"2,2";"1071,90";""
"06/04/2025";"1900";"30,2";"30,5";"29,8";"67,0";"73,0";"67,0";"23,4";"24,5";"23,4";"1003,6";"1004,2";"1003,1";"0,6";"222,0";"2,2";"1273,50";""
"06/04/2025";"2000";"28,9";"30,6";"28,9";"77,0";"78,0";"63,0";"24,5";"24,8";"22,8";"1003,8";"1004,0";"1003,4";"0,2";"232,0";"1,8";"672,30";""
"06/04/2025";"2100";"25,3";"29,1";"25,3";"";"100,0";"77,0";"";"25,9";"23,8";"1004,5";"1004,5";"1003,8";"1,6";"300,0";"7,7";"117,10";""
"06/04/2025";"2200";"24,8";"25,4";"24,8";"";"";"";"";"";"";"1005,0";"1005,0";"1004,5";"0,7";"336,0";"3,8";"5,70";""
"06/04/2025";"2300";"25,0";"25,1";"24,7";"";"";"";"";"";"";"1005,7";"1005,7";"1004,8";"0,4";"331,0";"2,4";"";""
"07/04/2025";"0000";"25,1";"25,1";"24,8";"";"";"";"";"";"";"1006,1";"1006,1";"1005,6";"0,0";"316,0";"1,2";"";""
"07/04/2025";"0100";"24,9";"25,1";"24,8";"";"";"";"";"";"";"1007,4";"1007,4";"1006,1";"1,1";"293,0";"2,4";"";""
"07/04/2025";"0200";"24,9";"25,1";"24,8";"";"";"";"";"";"";"1007,7";"1007,7";"1007,4";"0,1";"303,0";"1,9";"";""
"07/04/2025";"0300";"24,8";"24,9";"24,7";"";"";"";"";"";"";"1008,0";"1008,0";"1007,7";"0,0";"218,0";"1,5";"";""
"07/04/2025";"0400";"24,8";"25,1";"24,8";"";"";"";"";"";"";"1007,2";"1008,0";"1007,2";"0,0";"333,0";"1,4";"";""
"07/04/2025";"0500";"24,8";"25,1";"24,6";"";"";"";"";"";"";"1006,4";"1007,2";"1006,4";"0,7";"341,0";"1,9";"";""
"07/04/2025";"0600";"24,5";"24,8";"24,3";"";"";"";"";"";"";"1005,9";"1006,4";"1005,9";"1,3";"333,0";"2,9";"";""
"07/04/2025";"0700";"24,7";"24,7";"24,5";"";"";"";"";"";"";"1005,5";"1005,9";"1005,5";"1,4";"335,0";"2,6";"";""
"07/04/2025";"0800";"24,7";"24,9";"24,6";"";"";"";"";"";"";"1005,4";"1005,5";"1005,3";"0,7";"325,0";"2,9";"";""
"07/04/2025";"0900";"24,7";"24,9";"24,4";"";"";"";"";"";"";"1005,5";"1005,5";"1005,3";"0,0";"331,0";"1,8";"";""
"07/04/2025";"1000";"23,9";"24,7";"23,9";"";"";"";"";"";"";"1005,7";"1005,7";"1005,4";"0,4";"309,0";"1,7";"1,70";""
"07/04/2025";"1100";"24,7";"24,7";"23,7";"";"";"";"";"";"";"1006,3";"1006,3";"1005,7";"0,1";"331,0";"2,8";"177,40";""
"07/04/2025";"1200";"26,4";"26,5";"24,7";"100,0";"";"";"26,4";"";"";"1007,3";"1007,3";"1006,3";"0,8";"291,0";"2,1";"710,20";""
"07/04/2025";"1300";"27,8";"27,9";"26,4";"88,0";"100,0";"87,0";"25,6";"27,2";"25,1";"1007,7";"1007,8";"1007,3";"0,4";"221,0";"2,3";"1146,50";""
"07/04/2025";"1400";"27,6";"28,4";"27,3";"81,0";"91,0";"80,0";"24,2";"26,3";"24,1";"1007,9";"1007,9";"1007,7";"1,7";"241,0";"2,6";"1893,40";""
"07/04/2025";"1500";"29,3";"29,6";"27,6";"77,0";"82,0";"71,0";"24,7";"25,0";"23,4";"1007,6";"1007,9";"1007,6";"1,3";"210,0";"3,1";"2725,90";""
"07/04/2025";"1600";"30,4";"31,5";"29,1";"71,0";"79,0";"67,0";"24,5";"26,6";"23,9";"1006,5";"1007,6";"1006,5";"1,5";"215,0";"4,1";"2759,90";""
"07/04/2025";"1700";"31,1";"31,1";"29,6";"69,0";"73,0";"66,0";"24,7";"25,1";"22,8";"1005,0";"1006,5";"1005,0";"1,7";"235,0";"4,1";"3195,70";""
"07/04/2025";"1800";"30,1";"31,9";"30,1";"70,0";"73,0";"65,0";"24,1";"25,8";"23,7";"1003,7";"1005,0";"1003,7";"0,9";"226,0";"3,1";"2757,40";""
"07/04/2025";"1900";"29,6";"30,8";"29,6";"72,0";"73,0";"67,0";"24,0";"24,9";"23,3";"1003,2";"1003,7";"1002,8";"0,7";"237,0";"2,8";"1719,20";""
"07/04/2025";"2000";"27,5";"31,4";"27,4";"78,0";"78,0";"66,0";"23,4";"25,1";"23,1";"1002,9";"1003,3";"1002,9";"1,3";"239,0";"6,0";"858,10";""
"07/04/2025";"2100";"26,2";"27,7";"26,2";"83,0";"83,0";"74,0";"23,2";"23,4";"22,6";"1003,6";"1003,8";"1002,8";"2,9";"274,0";"6,9";"181,00";""
"07/04/2025";"2200";"25,1";"26,2";"24,9";"";"100,0";"83,0";"";"25,5";"23,2";"1003,3";"1003,8";"1003,1";"1,5";"301,0";"6,9";"1,80";""
"07/04/2025";"2300";"24,7";"25,1";"24,7";"";"";"";"";"";"";"1004,1";"1004,1";"1003,2";"0,4";"263,0";"2,8";"";""
"08/04/2025";"0000";"25,1";"25,1";"24,7";"";"";"";"";"";"";"1006,0";"1006,0";"1004,1";"0,0";"273,0";"1,4";"";""
"08/04/2025";"0100";"25,2";"25,2";"25,0";"";"";"";"";"";"";"1007,0";"1007,1";"1006,0";"0,0";"259,0";"1,7";"";""
"08/04/2025";"0200";"25,1";"25,2";"25,1";"";"";"";"";"";"";"1007,5";"1007,5";"1007,0";"0,5";"287,0";"1,5";"";""
"08/04/2025";"0300";"24,9";"25,1";"24,9";"";"";"";"";"";"";"1007,2";"1007,5";"1007,2";"0,1";"290,0";"1,2";"";""
"08/04/2025";"0400";"24,4";"24,9";"24,4";"";"";"";"";"";"";"1006,9";"1007,2";"1006,9";"0,1";"257,0";"1,1";"";""
"08/04/2025";"0500";"24,1";"24,4";"24,0";"";"";"";"";"";"";"1006,5";"1006,9";"1006,5";"0,2";"281,0";"1,8";"";""
"08/04/2025";"0600";"23,9";"24,1";"23,8";"";"";"";"";"";"";"1005,8";"1006,5";"1005,8";"0,0";"273,0";"1,6";"";""
"08/04/2025";"0700";"23,8";"23,9";"23,7";"";"";"";"";"";"";"1005,2";"1005,8";"1005,2";"0,0";"281,0";"0,9";"";""
"08/04/2025";"0800";"23,8";"23,8";"23,7";"";"";"";"";"";"";"1005,3";"1005,3";"1005,1";"0,0";"283,0";"0,5";"";""
"08/04/2025";"0900";"23,9";"23,9";"23,8";"";"";"";"";"";"";"1005,3";"1005,3";"1005,1";"0,0";"255,0";"0,0";"";""
"08/04/2025";"1000";"24,0";"24,0";"23,9";"";"";"";"";"";"";"1005,9";"1005,9";"1005,3";"0,0";"252,0";"1,3";"1,30";""
"08/04/2025";"1100";"24,8";"24,8";"24,0";"";"";"";"";"";"";"1007,3";"1007,3";"1005,9";"0,0";"273,0";"1,3";"132,70";""
"08/04/2025";"1200";"26,0";"26,0";"24,8";"";"";"";"";"";"";"1008,3";"1008,3";"1007,3";"0,0";"286,0";"1,0";"446,10";""
"08/04/2025";"1300";"27,4";"27,7";"25,9";"93,0";"100,0";"89,0";"26,1";"27,3";"25,5";"1009,2";"1009,2";"1008,3";"1,1";"264,0";"2,2";"932,00";""
"08/04/2025";"1400";"29,6";"29,7";"27,4";"76,0";"94,0";"73,0";"24,9";"26,6";"24,3";"1009,2";"1009,5";"1009,2";"1,7";"266,0";"4,6";"2061,70";""
"08/04/2025";"1500";"30,2";"30,7";"29,0";"65,0";"76,0";"64,0";"22,9";"24,7";"22,4";"1009,0";"1009,3";"1008,9";"1,8";"253,0";"6,3";"2794,80";""
"08/04/2025";"1600";"29,4";"30,3";"28,0";"73,0";"79,0";"62,0";"24,0";"25,0";"22,2";"1007,6";"1009,0";"1007,6";"1,6";"264,0";"5,4";"1901,70";""
"08/04/2025";"1700";"30,0";"30,4";"27,9";"68,0";"77,0";"66,0";"23,4";"24,4";"22,9";"1006,1";"1007,6";"1006,1";"1,8";"291,0";"4,4";"2277,50";""
"08/04/2025";"1800";"30,5";"30,7";"29,7";"63,0";"71,0";"62,0";"22,8";"24,1";"22,2";"1004,9";"1006,1";"1004,9";"1,8";"270,0";"4,3";"2152,10";""
"08/04/2025";"1900";"30,9";"31,6";"30,3";"62,0";"66,0";"59,0";"22,9";"23,9";"22,2";"1003,9";"1004,9";"1003,9";"2,1";"266,0";"4,9";"2307,00";""
"08/04/2025";"2000";"31,6";"32,2";"30,8";"60,0";"65,0";"59,0";"22,7";"24,1";"22,5";"1003,5";"1003,9";"1003,5";"1,7";"270,0";"4,4";"1665,80";""
"08/04/2025";"2100";"30,0";"31,5";"30,0";"66,0";"66,0";"59,0";"23,0";"23,4";"22,2";"1003,9";"1003,9";"1003,4";"0,7";"249,0";"3,9";"762,90";""
"08/04/2025";"2200";"28,2";"30,0";"28,2";"74,0";"74,0";"66,0";"23,1";"23,2";"22,8";"1004,1";"1004,1";"1003,8";"0,2";"293,0";"2,4";"87,40";""
"08/04/2025";"2300";"27,0";"28,2";"27,0";"81,0";"81,0";"74,0";"23,3";"23,3";"23,0";"1004,8";"1004,8";"1004,1";"0,0";"288,0";"1,2";"";""
"09/04/2025";"0000";"26,4";"27,0";"26,4";"85,0";"85,0";"81,0";"23,6";"23,6";"23,1";"1005,9";"1005,9";"1004,7";"0,0";"292,0";"0,9";"";""
"09/04/2025";"0100";"26,1";"26,4";"26,0";"84,0";"85,0";"84,0";"23,2";"23,5";"23,1";"1007,0";"1007,0";"1005,9";"0,4";"277,0";"1,0";"";""
"09/04/2025";"0200";"26,5";"26,6";"26,1";"84,0";"85,0";"83,0";"23,6";"23,7";"23,2";"1007,8";"1007,8";"1006,9";"0,0";"278,0";"0,9";"";""
"09/04/2025";"0300";"26,2";"26,5";"26,1";"87,0";"94,0";"84,0";"23,9";"25,1";"23,6";"1008,2";"1008,2";"1007,8";"0,4";"260,0";"1,5";"";""
"09/04/2025";"0400";"26,3";"27,0";"26,2";"93,0";"93,0";"84,0";"25,0";"25,0";"23,9";"1007,5";"1008,2";"1007,5";"0,1";"274,0";"2,2";"";""
"09/04/2025";"0500";"25,6";"26,3";"25,5";"100,0";"100,0";"93,0";"25,6";"25,9";"25,2";"1007,0";"1007,5";"1007,0";"0,0";"289,0";"2,0";"";""
"09/04/2025";"0600";"25,2";"25,6";"25,2";"";"";"";"";"";"";"1006,4";"1007,0";"1006,4";"0,4";"303,0";"1,1";"";""
"09/04/2025";"0700";"24,9";"25,2";"24,9";"";"";"";"";"";"";"1005,8";"1006,4";"1005,8";"0,0";"253,0";"1,0";"";""
"09/04/2025";"0800";"24,7";"25,0";"24,7";"";"";"";"";"";"";"1005,8";"1005,9";"1005,8";"0,0";"234,0";"0,5";"";""
"09/04/2025";"0900";"24,7";"24,8";"24,5";"";"";"";"";"";"";"1006,0";"1006,0";"1005,8";"0,0";"333,0";"0,5";"";""
"09/04/2025";"1000";"25,5";"25,5";"24,7";"";"";"";"";"";"";"1006,5";"1006,5";"1006,0";"0,3";"334,0";"1,5";"1,60";""
"09/04/2025";"1100";"26,4";"26,4";"25,1";"";"";"";"";"";"";"1007,3";"1007,3";"1006,5";"0,0";"248,0";"1,2";"212,80";""
"09/04/2025";"1200";"27,7";"27,9";"26,4";"96,0";"";"";"26,9";"";"";"1008,1";"1008,1";"1007,2";"0,6";"246,0";"1,6";"809,00";""
"09/04/2025";"1300";"28,3";"28,7";"27,6";"77,0";"98,0";"77,0";"24,0";"27,6";"24,0";"1008,9";"1008,9";"1008,1";"0,8";"212,0";"2,1";"1189,60";""
"09/04/2025";"1400";"29,4";"30,1";"28,3";"71,0";"79,0";"67,0";"23,5";"24,7";"22,9";"1009,3";"1009,3";"1008,9";"1,7";"218,0";"3,0";"2306,90";""
"09/04/2025";"1500";"30,6";"30,9";"29,1";"67,0";"74,0";"65,0";"23,7";"24,7";"22,7";"1008,8";"1009,4";"1008,8";"1,3";"229,0";"3,1";"2274,30";""
"09/04/2025";"1600";"32,1";"32,1";"29,9";"61,0";"69,0";"59,0";"23,5";"24,6";"22,5";"1008,1";"1008,8";"1008,1";"1,3";"212,0";"3,2";"2445,90";""
"09/04/2025";"1700";"30,8";"32,5";"30,6";"66,0";"67,0";"58,0";"23,6";"24,5";"22,5";"1006,7";"1008,1";"1006,7";"2,4";"240,0";"3,8";"2285,50";""
"09/04/2025";"1800";"31,2";"31,8";"30,0";"63,0";"69,0";"62,0";"23,3";"24,5";"23,3";"1005,0";"1006,7";"1005,0";"1,4";"255,0";"3,8";"2245,10";""
"09/04/2025";"1900";"32,0";"32,2";"31,0";"59,0";"65,0";"59,0";"23,0";"24,2";"22,9";"1003,7";"1005,0";"1003,7";"1,5";"242,0";"3,5";"2121,80";""
"09/04/2025";"2000";"31,5";"32,6";"30,9";"60,0";"64,0";"56,0";"22,9";"23,7";"22,6";"1003,1";"1003,7";"1003,1";"1,4";"260,0";"2,7";"1666,30";""
"09/04/2025";"2100";"30,9";"31,5";"30,4";"63,0";"70,0";"60,0";"23,0";"24,5";"22,5";"1003,5";"1003,5";"1003,1";"0,4";"231,0";"3,1";"517,00";""
"09/04/2025";"2200";"27,9";"31,1";"27,9";"83,0";"83,0";"62,0";"24,8";"24,8";"23,0";"1004,8";"1004,8";"1003,3";"1,0";"249,0";"4,5";"254,30";""
"09/04/2025";"2300";"27,2";"28,1";"27,1";"88,0";"88,0";"80,0";"25,1";"25,1";"24,2";"1005,3";"1005,3";"1004,8";"0,4";"229,0";"4,5";"";""
"10/04/2025";"0000";"27,2";"27,4";"27,0";"93,0";"93,0";"88,0";"26,1";"26,1";"25,3";"1006,5";"1006,5";"1005,3";"0,0";"222,0";"2,0";"";""
"10/04/2025";"0100";"26,8";"27,2";"26,8";"100,0";"100,0";"93,0";"26,8";"27,0";"26,1";"1007,4";"1007,4";"1006,5";"0,0";"282,0";"1,2";"";""
"10/04/2025";"0200";"26,5";"26,8";"26,4";"100,0";"100,0";"100,0";"26,5";"26,8";"26,4";"1007,9";"1008,0";"1007,3";"0,0";"240,0";"1,3";"";""
"10/04/2025";"0300";"26,6";"26,9";"26,5";"100,0";"100,0";"100,0";"26,6";"26,9";"26,5";"1008,3";"1008,3";"1007,9";"0,0";"290,0";"0,0";"";""
"10/04/2025";"0400";"26,3";"26,6";"26,3";"";"";"";"";"";"";"1007,8";"1008,3";"1007,8";"0,0";"271,0";"1,5";"";""
"10/04/2025";"0500";"26,3";"26,6";"26,3";"100,0";"100,0";"100,0";"26,3";"26,6";"26,3";"1007,0";"1007,8";"1007,0";"0,0";"290,0";"0,0";"";""
"10/04/2025";"0600";"26,0";"26,3";"26,0";"";"";"";"";"";"";"1006,6";"1007,0";"1006,5";"0,0";"305,0";"0,0";"";""
"10/04/2025";"0700";"26,1";"26,2";"26,0";"";"";"";"";"";"";"1006,4";"1006,6";"1006,3";"0,6";"296,0";"2,5";"";""
"10/04/2025";"0800";"25,5";"26,2";"25,5";"";"";"";"";"";"";"1006,1";"1006,4";"1006,0";"1,3";"307,0";"3,7";"";""
"10/04/2025";"0900";"25,3";"25,6";"25,2";"";"";"";"";"";"";"1006,4";"1006,4";"1006,1";"1,0";"306,0";"3,8";"";""
"10/04/2025";"1000";"25,2";"25,3";"25,1";"";"";"";"";"";"";"1007,1";"1007,1";"1006,4";"0,9";"316,0";"2,7";"1,00";""
"10/04/2025";"1100";"25,2";"25,2";"25,0";"100,0";"";"";"25,2";"";"";"1007,8";"1007,8";"1007,1";"0,6";"321,0";"3,7";"199,50";""
"10/04/2025";"1200";"26,0";"26,1";"25,1";"95,0";"100,0";"93,0";"25,1";"25,7";"24,8";"1008,2";"1008,2";"1007,8";"1,4";"312,0";"3,5";"541,30";""
"10/04/2025";"1300";"27,7";"27,7";"26,0";"81,0";"96,0";"81,0";"24,1";"25,7";"23,9";"1008,9";"1008,9";"1008,2";"1,7";"305,0";"4,6";"1112,10";""
"10/04/2025";"1400";"28,7";"29,1";"27,6";"76,0";"82,0";"73,0";"23,9";"24,6";"23,4";"1008,9";"1009,1";"1008,9";"0,8";"223,0";"3,7";"1690,00";""
"10/04/2025";"1500";"28,8";"29,5";"28,1";"75,0";"78,0";"72,0";"23,8";"24,3";"23,4";"1008,5";"1008,9";"1008,5";"1,9";"241,0";"2,8";"1683,50";""
"10/04/2025";"1600";"30,1";"30,6";"28,5";"66,0";"76,0";"65,0";"23,0";"24,6";"22,9";"1007,7";"1008,5";"1007,7";"1,4";"227,0";"3,0";"2149,30";""
"10/04/2025";"1700";"32,6";"32,6";"30,1";"61,0";"68,0";"58,0";"24,1";"24,2";"21,9";"1006,5";"1007,7";"1006,5";"1,3";"245,0";"3,0";"2390,30";""
"10/04/2025";"1800";"31,8";"33,1";"31,0";"57,0";"61,0";"54,0";"22,3";"23,6";"22,0";"1005,2";"1006,5";"1005,2";"0,9";"247,0";"3,9";"2500,80";""
"10/04/2025";"1900";"31,5";"32,4";"30,6";"61,0";"64,0";"51,0";"23,1";"23,7";"20,9";"1004,3";"1005,2";"1004,2";"0,9";"224,0";"3,7";"1922,50";""
"10/04/2025";"2000";"30,5";"32,3";"30,5";"67,0";"67,0";"58,0";"23,7";"24,1";"22,8";"1003,4";"1004,3";"1003,3";"1,0";"255,0";"2,9";"1514,90";""
"10/04/2025";"2100";"27,7";"30,8";"27,7";"80,0";"80,0";"67,0";"24,0";"24,7";"23,4";"1003,1";"1003,4";"1002,8";"2,1";"245,0";"5,8";"665,70";""
"10/04/2025";"2200";"27,0";"27,7";"27,0";"83,0";"84,0";"80,0";"23,9";"24,2";"23,8";"1003,4";"1003,4";"1003,1";"1,1";"239,0";"5,8";"82,30";""
"10/04/2025";"2300";"26,4";"27,2";"26,4";"99,0";"99,0";"82,0";"26,2";"26,3";"23,8";"1003,2";"1003,5";"1003,2";"1,4";"336,0";"2,7";"";""
"11/04/2025";"0000";"26,0";"26,6";"26,0";"100,0";"100,0";"99,0";"26,0";"26,4";"26,0";"1004,5";"1004,5";"1003,1";"0,5";"247,0";"3,0";"";""
"11/04/2025";"0100";"26,1";"26,1";"25,8";"";"";"";"";"";"";"1005,5";"1005,5";"1004,5";"0,0";"234,0";"1,1";"";""
"11/04/2025";"0200";"26,2";"26,3";"25,9";"99,0";"";"";"26,1";"";"";"1006,0";"1006,0";"1005,5";"0,9";"341,0";"1,8";"";""
"11/04/2025";"0300";"26,0";"26,2";"26,0";"100,0";"100,0";"98,0";"26,0";"26,2";"25,9";"1006,1";"1006,3";"1006,0";"0,0";"337,0";"2,1";"";""
"11/04/2025";"0400";"25,7";"26,0";"25,6";"";"";"";"";"";"";"1005,5";"1006,1";"1005,5";"0,0";"340,0";"2,0";"";""
"11/04/2025";"0500";"26,0";"26,1";"25,7";"100,0";"";"";"26,0";"";"";"1005,0";"1005,5";"1005,0";"0,0";"309,0";"0,0";"";""
"11/04/2025";"0600";"25,6";"26,1";"25,6";"";"";"";"";"";"";"1004,6";"1005,0";"1004,6";"0,0";"336,0";"0,0";"";""
"11/04/2025";"0700";"25,8";"25,9";"25,6";"";"";"";"";"";"";"1004,7";"1004,8";"1004,5";"0,0";"283,0";"0,0";"";""
"11/04/2025";"0800";"25,5";"25,8";"25,5";"";"";"";"";"";"";"1004,8";"1004,8";"1004,6";"0,0";"315,0";"0,0";"";""
"11/04/2025";"0900";"25,9";"25,9";"25,5";"";"";"";"";"";"";"1004,8";"1004,8";"1004,7";"0,0";"323,0";"2,4";"";""
"11/04/2025";"1000";"26,1";"26,1";"25,8";"100,0";"";"";"26,1";"";"";"1004,9";"1005,0";"1004,8";"0,0";"274,0";"1,5";"1,20";""
"11/04/2025";"1100";"26,2";"26,2";"26,0";"100,0";"100,0";"100,0";"26,2";"26,2";"26,0";"1005,9";"1005,9";"1004,9";"2,0";"235,0";"3,5";"87,80";""
"11/04/2025";"1200";"26,4";"26,4";"26,1";"100,0";"100,0";"100,0";"26,4";"26,4";"26,1";"1007,3";"1007,3";"1005,9";"2,2";"233,0";"3,7";"286,90";""
"11/04/2025";"1300";"27,2";"27,4";"26,4";"90,0";"100,0";"89,0";"25,4";"26,9";"25,2";"1007,9";"1007,9";"1007,2";"1,5";"243,0";"3,4";"813,30";""
"11/04/2025";"1400";"25,6";"27,3";"25,6";"100,0";"100,0";"83,0";"25,6";"25,7";"23,5";"1008,0";"1008,1";"1007,9";"2,3";"292,0";"4,0";"265,00";""
"11/04/2025";"1500";"25,6";"25,7";"25,1";"";"";"";"";"";"";"1007,1";"1008,0";"1007,1";"1,0";"291,0";"4,0";"423,80";""
"11/04/2025";"1600";"28,4";"28,4";"25,5";"84,0";"100,0";"81,0";"25,4";"27,5";"24,4";"1006,3";"1007,1";"1006,2";"1,2";"304,0";"3,4";"1561,00";""
"11/04/2025";"1700";"29,5";"29,9";"28,2";"73,0";"84,0";"72,0";"24,2";"25,9";"23,7";"1004,8";"1006,3";"1004,8";"0,9";"246,0";"3,4";"2813,60";""
"11/04/2025";"1800";"30,4";"31,8";"29,5";"64,0";"74,0";"58,0";"22,8";"24,8";"22,3";"1002,6";"1004,8";"1002,6";"1,0";"218,0";"3,7";"2520,10";""
"11/04/2025";"1900";"30,7";"30,8";"29,8";"63,0";"69,0";"62,0";"22,7";"24,1";"22,4";"1002,2";"1002,6";"1002,1";"0,8";"229,0";"3,1";"1826,00";""
"11/04/2025";"2000";"29,7";"31,7";"29,7";"69,0";"69,0";"59,0";"23,4";"23,5";"22,3";"1001,8";"1002,3";"1001,7";"2,2";"303,0";"4,4";"1341,10";""
"11/04/2025";"2100";"28,3";"29,8";"28,2";"77,0";"77,0";"69,0";"23,8";"24,0";"23,3";"1002,1";"1002,1";"1001,6";"1,1";"281,0";"4,4";"330,10";""
"11/04/2025";"2200";"27,1";"28,3";"27,1";"84,0";"84,0";"76,0";"24,1";"24,3";"23,6";"1003,5";"1003,5";"1002,0";"1,2";"302,0";"4,2";"96,20";""
"11/04/2025";"2300";"26,3";"27,1";"26,3";"100,0";"100,0";"84,0";"26,3";"26,4";"24,0";"1004,7";"1004,7";"1003,5";"1,6";"289,0";"3,5";"";""
"12/04/2025";"0000";"26,1";"26,4";"26,1";"";"100,0";"100,0";"";"26,4";"26,2";"1005,4";"1005,4";"1004,7";"1,0";"322,0";"3,0";"";""
"12/04/2025";"0100";"26,0";"26,1";"25,9";"";"";"";"";"";"";"1005,9";"1005,9";"1005,4";"0,5";"316,0";"2,8";"";""
"12/04/2025";"0200";"25,6";"26,0";"25,6";"";"";"";"";"";"";"1006,9";"1006,9";"1005,9";"1,7";"294,0";"2,9";"";""
"12/04/2025";"0300";"25,5";"25,6";"25,5";"";"";"";"";"";"";"1006,7";"1007,0";"1006,7";"1,2";"289,0";"2,5";"";""
"12/04/2025";"0400";"25,3";"25,5";"25,3";"";"";"";"";"";"";"1006,1";"1006,7";"1006,0";"0,2";"305,0";"2,6";"";""
"12/04/2025";"0500";"25,0";"25,4";"25,0";"";"";"";"";"";"";"1005,7";"1006,1";"1005,7";"0,7";"323,0";"2,2";"";""
"12/04/2025";"0600";"25,0";"25,2";"24,9";"";"";"";"";"";"";"1005,5";"1005,8";"1005,5";"0,4";"308,0";"3,1";"";""
"12/04/2025";"0700";"25,0";"25,1";"24,9";"";"";"";"";"";"";"1005,4";"1005,5";"1005,4";"0,4";"303,0";"1,9";"";""
"12/04/2025";"0800";"24,5";"25,0";"24,5";"";"";"";"";"";"";"1004,8";"1005,4";"1004,7";"1,4";"336,0";"3,0";"";""
"12/04/2025";"0900";"24,6";"24,8";"24,5";"";"";"";"";"";"";"1005,2";"1005,2";"1004,8";"1,2";"328,0";"4,1";"";""
"12/04/2025";"1000";"24,4";"24,7";"24,4";"";"";"";"";"";"";"1005,4";"1005,4";"1005,1";"1,0";"308,0";"3,7";"0,70";""
"12/04/2025";"1100";"24,6";"24,6";"24,4";"";"";"";"";"";"";"1006,6";"1006,6";"1005,4";"0,9";"286,0";"2,6";"79,00";""
"12/04/2025";"1200";"23,3";"24,9";"23,3";"";"";"";"";"";"";"1009,0";"1009,0";"1006,6";"4,3";"280,0";"10,7";"159,80";""
"12/04/2025";"1300";"23,0";"23,3";"22,6";"";"";"";"";"";"";"1009,5";"1009,5";"1008,9";"0,8";"269,0";"10,4";"53,50";""
"12/04/2025";"1400";"23,2";"23,3";"22,9";"";"";"";"";"";"";"1009,5";"1009,7";"1009,5";"0,4";"289,0";"2,8";"55,80";""
"12/04/2025";"1500";"23,7";"23,7";"23,1";"";"";"";"";"";"";"1008,6";"1009,6";"1008,6";"0,5";"279,0";"1,5";"174,30";""
"12/04/2025";"1600";"24,5";"24,6";"23,7";"";"";"";"";"";"";"1007,2";"1008,6";"1007,2";"0,2";"243,0";"1,4";"400,70";""
"12/04/2025";"1700";"25,7";"25,8";"24,5";"93,0";"100,0";"90,0";"24,5";"25,0";"23,9";"1006,0";"1007,2";"1006,0";"0,4";"282,0";"1,4";"852,50";""
"12/04/2025";"1800";"26,4";"26,5";"25,7";"94,0";"99,0";"89,0";"25,4";"26,1";"24,1";"1004,7";"1006,0";"1004,7";"1,2";"313,0";"2,8";"962,40";""
"12/04/2025";"1900";"27,4";"27,5";"25,8";"78,0";"100,0";"78,0";"23,3";"26,6";"23,3";"1003,1";"1004,7";"1003,1";"0,8";"307,0";"3,4";"1146,00";""
"12/04/2025";"2000";"27,3";"27,7";"26,9";"79,0";"82,0";"76,0";"23,3";"23,8";"22,6";"1002,7";"1003,1";"1002,6";"0,6";"221,0";"2,8";"945,20";""
"12/04/2025";"2100";"26,5";"27,3";"26,5";"88,0";"89,0";"77,0";"24,4";"24,6";"22,8";"1003,6";"1003,6";"1002,7";"0,1";"245,0";"1,8";"393,50";""
"12/04/2025";"2200";"26,5";"26,6";"26,2";"85,0";"96,0";"84,0";"23,8";"25,6";"23,6";"1004,4";"1004,4";"1003,6";"0,7";"275,0";"2,0";"39,90";""
"12/04/2025";"2300";"26,1";"26,5";"26,0";"97,0";"97,0";"85,0";"25,6";"25,6";"23,6";"1004,8";"1004,8";"1004,4";"0,6";"249,0";"2,5";"";""
"13/04/2025";"0000";"25,1";"26,1";"25,1";"100,0";"100,0";"97,0";"25,1";"25,6";"25,1";"1005,2";"1005,2";"1004,8";"0,0";"328,0";"2,5";"";""
"13/04/2025";"0100";"25,0";"25,2";"24,8";"";"";"";"";"";"";"1006,4";"1006,4";"1005,2";"0,0";"215,0";"1,2";"";""
"13/04/2025";"0200";"24,7";"25,2";"24,5";"";"";"";"";"";"";"1007,1";"1007,1";"1006,4";"0,0";"318,0";"0,9";"";""
"13/04/2025";"0300";"24,9";"25,0";"24,5";"";"";"";"";"";"";"1006,7";"1007,1";"1006,7";"0,9";"343,0";"1,6";"";""
"13/04/2025";"0400";"25,1";"25,2";"24,9";"";"";"";"";"";"";"1006,4";"1006,7";"1006,3";"0,5";"269,0";"2,8";"";""
"13/04/2025";"0500";"24,7";"25,4";"24,7";"";"";"";"";"";"";"1006,2";"1006,5";"1006,2";"1,0";"343,0";"2,1";"";""
"13/04/2025";"0600";"24,6";"24,7";"24,5";"";"";"";"";"";"";"1005,6";"1006,3";"1005,6";"0,3";"322,0";"2,7";"";""
"13/04/2025";"0700";"25,0";"25,1";"24,6";"";"";"";"";"";"";"1005,5";"1005,6";"1005,5";"0,4";"280,0";"1,9";"";""
"13/04/2025";"0800";"25,5";"25,5";"24,8";"";"";"";"";"";"";"1005,7";"1005,7";"1005,5";"0,7";"269,0";"1,6";"";""
"13/04/2025";"0900";"25,1";"25,6";"25,1";"";"";"";"";"";"";"1005,9";"1005,9";"1005,6";"0,0";"325,0";"2,1";"";""
"13/04/2025";"1000";"25,1";"25,2";"24,9";"";"";"";"";"";"";"1006,6";"1006,6";"1005,9";"0,0";"305,0";"1,4";"0,90";""
"13/04/2025";"1100";"25,9";"25,9";"25,1";"";"";"";"";"";"";"1007,7";"1007,7";"1006,6";"0,2";"239,0";"1,4";"62,70";""
"13/04/2025";"1200";"26,4";"26,5";"25,9";"100,0";"";"";"26,4";"";"";"1008,8";"1008,8";"1007,7";"1,6";"231,0";"2,8";"321,70";""
"13/04/2025";"1300";"26,5";"26,6";"26,3";"98,0";"100,0";"97,0";"26,1";"26,6";"25,9";"1009,1";"1009,1";"1008,8";"1,6";"235,0";"3,1";"553,90";""
"13/04/2025";"1400";"27,1";"27,7";"26,5";"89,0";"99,0";"87,0";"25,1";"26,6";"24,9";"1009,2";"1009,4";"1009,1";"1,6";"235,0";"2,9";"1380,00";""
"13/04/2025";"1500";"24,5";"27,6";"24,5";"99,0";"99,0";"81,0";"24,3";"25,9";"22,8";"1009,5";"1009,5";"1009,1";"2,7";"303,0";"5,5";"684,60";""
"13/04/2025";"1600";"24,6";"24,8";"23,7";"";"";"";"";"";"";"1008,3";"1009,5";"1008,3";"1,4";"314,0";"5,6";"403,30";""
"13/04/2025";"1700";"26,0";"26,3";"24,6";"99,0";"100,0";"91,0";"25,7";"";"";"1007,0";"1008,3";"1007,0";"2,1";"318,0";"4,9";"1312,70";""
"13/04/2025";"1800";"26,5";"26,8";"25,8";"85,0";"98,0";"83,0";"23,8";"25,7";"23,2";"1005,7";"1007,0";"1005,7";"1,7";"334,0";"4,8";"1044,80";""
"13/04/2025";"1900";"28,3";"28,3";"26,5";"81,0";"87,0";"79,0";"24,7";"24,7";"23,5";"1004,7";"1005,7";"1004,7";"0,4";"310,0";"3,1";"1081,50";""
"13/04/2025";"2000";"27,4";"28,4";"27,1";"82,0";"83,0";"76,0";"24,1";"24,4";"23,4";"1004,2";"1004,7";"1004,2";"1,7";"234,0";"2,8";"1359,50";""
"13/04/2025";"2100";"27,1";"27,5";"27,1";"82,0";"84,0";"80,0";"23,7";"24,4";"23,5";"1004,4";"1004,4";"1004,2";"0,5";"221,0";"2,6";"498,00";""
"13/04/2025";"2200";"26,5";"27,2";"26,5";"96,0";"96,0";"80,0";"25,8";"25,8";"23,5";"1005,0";"1005,0";"1004,4";"2,3";"236,0";"4,1";"116,60";""
"13/04/2025";"2300";"26,0";"26,5";"26,0";"100,0";"100,0";"95,0";"25,9";"26,0";"25,4";"1005,9";"1005,9";"1005,0";"0,3";"225,0";"4,1";"";""
"14/04/2025";"0000";"26,0";"26,1";"25,7";"100,0";"100,0";"99,0";"26,0";"26,1";"25,8";"1006,7";"1006,7";"1005,9";"0,1";"238,0";"2,2";"";""
"14/04/2025";"0100";"25,7";"26,0";"25,4";"";"";"";"";"";"";"1007,1";"1007,1";"1006,7";"0,0";"223,0";"1,3";"";""
"14/04/2025";"0200";"25,6";"26,1";"25,6";"";"";"";"";"";"";"1008,0";"1008,0";"1007,1";"0,0";"256,0";"0,0";"";""
"14/04/2025";"0300";"25,1";"25,6";"25,0";"";"";"";"";"";"";"1007,6";"1008,1";"1007,6";"0,0";"265,0";"0,0";"";""
"14/04/2025";"0400";"25,0";"25,1";"25,0";"";"";"";"";"";"";"1007,1";"1007,6";"1007,1";"0,0";"308,0";"1,2";"";""
"14/04/2025";"0500";"24,9";"25,0";"24,8";"";"";"";"";"";"";"1006,4";"1007,1";"1006,4";"0,0";"305,0";"0,0";"";""
"14/04/2025";"0600";"25,2";"25,3";"24,9";"";"";"";"";"";"";"1005,6";"1006,4";"1005,6";"0,0";"236,0";"0,0";"";""
"14/04/2025";"0700";"24,8";"25,3";"24,8";"";"";"";"";"";"";"1005,5";"1005,6";"1005,5";"0,6";"299,0";"1,8";"";""
"14/04/2025";"0800";"24,6";"24,9";"24,6";"";"";"";"";"";"";"1005,9";"1005,9";"1005,4";"0,0";"300,0";"2,1";"";""
"14/04/2025";"0900";"25,2";"25,3";"24,6";"";"";"";"";"";"";"1006,2";"1006,2";"1005,9";"0,0";"261,0";"0,0";"";""
"14/04/2025";"1000";"25,2";"25,5";"25,2";"";"";"";"";"";"";"1006,8";"1006,8";"1006,2";"0,0";"245,0";"0,0";"1,60";""
"14/04/2025";"1100";"25,7";"25,7";"25,0";"";"";"";"";"";"";"1007,8";"1007,8";"1006,8";"0,0";"299,0";"1,0";"112,00";""
"14/04/2025";"1200";"27,1";"27,1";"25,7";"";"";"";"";"";"";"1008,8";"1008,8";"1007,8";"0,1";"247,0";"1,4";"437,30";""
"14/04/2025";"1300";"27,8";"27,8";"27,1";"99,0";"100,0";"94,0";"27,7";"27,8";"26,5";"1009,5";"1009,5";"1008,8";"0,8";"215,0";"2,9";"744,60";""
"14/04/2025";"1400";"28,7";"29,8";"27,8";"88,0";"99,0";"81,0";"26,5";"28,5";"25,4";"1009,2";"1009,5";"1009,2";"0,7";"240,0";"3,1";"1499,10";""
"14/04/2025";"1500";"26,9";"28,8";"26,9";"96,0";"98,0";"87,0";"26,3";"27,7";"25,8";"1009,1";"1009,3";"1009,1";"1,1";"282,0";"3,6";"591,50";""
"14/04/2025";"1600";"24,5";"26,9";"24,4";"";"";"";"";"";"";"1008,6";"1009,4";"1008,6";"0,7";"264,0";"6,3";"114,10";""
"14/04/2025";"1700";"24,8";"24,8";"24,4";"";"";"";"";"";"";"1007,6";"1008,6";"1007,6";"0,1";"274,0";"2,6";"185,80";""
"14/04/2025";"1800";"25,6";"25,6";"24,8";"";"";"";"";"";"";"1006,3";"1007,6";"1006,3";"2,2";"281,0";"4,7";"461,80";""
"14/04/2025";"1900";"25,6";"26,0";"25,6";"";"";"";"";"";"";"1005,3";"1006,3";"1005,3";"1,3";"288,0";"3,7";"375,00";""
"14/04/2025";"2000";"25,9";"25,9";"25,3";"";"";"";"";"";"";"1004,7";"1005,3";"1004,6";"0,0";"308,0";"3,5";"254,50";""
"14/04/2025";"2100";"25,7";"26,0";"25,7";"";"";"";"";"";"";"1004,9";"1005,0";"1004,7";"0,0";"239,0";"1,1";"207,30";""
"14/04/2025";"2200";"25,3";"25,8";"25,3";"";"";"";"";"";"";"1005,0";"1005,1";"1004,8";"0,8";"292,0";"1,8";"68,00";""
"14/04/2025";"2300";"24,8";"25,3";"24,8";"";"";"";"";"";"";"1005,4";"1005,4";"1005,0";"1,3";"297,0";"2,7";"";""
"15/04/2025";"0000";"24,9";"24,9";"24,8";"";"";"";"";"";"";"1006,3";"1006,3";"1005,4";"0,7";"294,0";"2,6";"";""
"15/04/2025";"0100";"25,2";"25,2";"24,8";"";"";"";"";"";"";"1007,3";"1007,3";"1006,3";"0,0";"266,0";"1,5";"";""
"15/04/2025";"0200";"25,3";"25,5";"25,2";"";"";"";"";"";"";"1007,6";"1007,6";"1007,2";"0,0";"245,0";"2,3";"";""
"15/04/2025";"0300";"25,1";"25,3";"25,1";"";"";"";"";"";"";"1007,5";"1007,8";"1007,5";"0,0";"297,0";"0,0";"";""
"15/04/2025";"0400";"25,0";"25,2";"25,0";"";"";"";"";"";"";"1007,1";"1007,5";"1007,1";"0,0";"291,0";"0,0";"";""
"15/04/2025";"0500";"25,1";"25,1";"24,9";"";"";"";"";"";"";"1006,2";"1007,1";"1006,2";"0,0";"296,0";"0,0";"";""
"15/04/2025";"0600";"24,9";"25,1";"24,8";"";"";"";"";"";"";"1005,5";"1006,2";"1005,5";"0,0";"221,0";"0,0";"";""
"15/04/2025";"0700";"24,8";"24,9";"24,6";"";"";"";"";"";"";"1005,6";"1005,6";"1005,2";"0,0";"270,0";"0,0";"";""
"15/04/2025";"0800";"24,5";"24,9";"24,5";"";"";"";"";"";"";"1005,5";"1005,7";"1005,4";"0,0";"315,0";"0,0";"";""
"15/04/2025";"0900";"24,4";"24,6";"24,3";"";"";"";"";"";"";"1005,9";"1005,9";"1005,4";"0,0";"288,0";"0,0";"";""
"15/04/2025";"1000";"24,5";"24,5";"24,4";"";"";"";"";"";"";"1006,3";"1006,3";"1005,8";"0,0";"280,0";"0,0";"2,30";""
"15/04/2025";"1100";"26,0";"26,0";"24,5";"";"";"";"";"";"";"1006,9";"1006,9";"1006,2";"0,0";"264,0";"0,0";"272,30";""
"15/04/2025";"1200";"27,3";"27,5";"26,0";"91,0";"100,0";"85,0";"25,7";"26,8";"24,5";"1007,5";"1007,5";"1006,9";"0,0";"257,0";"2,5";"933,20";""
"15/04/2025";"1300";"28,8";"29,1";"27,4";"79,0";"92,0";"77,0";"24,7";"26,5";"24,0";"1007,8";"1007,8";"1007,5";"1,6";"282,0";"4,2";"1408,90";""
"15/04/2025";"1400";"29,1";"29,4";"28,2";"75,0";"80,0";"73,0";"24,2";"25,1";"23,8";"1008,0";"1008,0";"1007,8";"1,7";"270,0";"4,6";"1603,60";""
"15/04/2025";"1500";"30,4";"30,6";"28,9";"68,0";"77,0";"67,0";"23,7";"25,1";"23,0";"1007,5";"1008,0";"1007,5";"1,6";"255,0";"5,0";"2389,10";""
"15/04/2025";"1600";"30,7";"31,4";"29,7";"62,0";"72,0";"60,0";"22,6";"24,7";"22,2";"1006,9";"1007,5";"1006,9";"1,6";"259,0";"4,8";"2790,10";""
"15/04/2025";"1700";"31,8";"32,1";"30,7";"60,0";"64,0";"57,0";"23,1";"24,0";"22,1";"1005,7";"1006,9";"1005,7";"1,1";"264,0";"5,0";"2901,80";""
"15/04/2025";"1800";"32,3";"32,8";"31,6";"55,0";"60,0";"53,0";"22,1";"23,4";"21,3";"1004,5";"1005,7";"1004,5";"2,0";"269,0";"4,9";"2854,30";""
"15/04/2025";"1900";"32,0";"33,0";"31,5";"55,0";"59,0";"52,0";"21,7";"23,2";"21,7";"1003,3";"1004,5";"1003,3";"2,2";"291,0";"5,5";"2208,30";""
"15/04/2025";"2000";"31,7";"32,6";"31,4";"57,0";"60,0";"53,0";"22,2";"23,4";"21,2";"1003,0";"1003,5";"1003,0";"1,9";"275,0";"5,2";"1585,90";""
"15/04/2025";"2100";"29,4";"31,7";"29,4";"69,0";"69,0";"56,0";"23,2";"23,2";"21,9";"1003,1";"1003,1";"1002,6";"0,5";"260,0";"5,2";"662,50";""
"15/04/2025";"2200";"27,9";"29,4";"27,8";"82,0";"82,0";"69,0";"24,5";"24,8";"23,1";"1003,7";"1003,8";"1003,1";"0,0";"277,0";"2,5";"76,40";""
"15/04/2025";"2300";"27,3";"27,9";"27,3";"96,0";"96,0";"82,0";"26,5";"26,5";"24,3";"1004,3";"1004,3";"1003,7";"0,1";"201,0";"1,6";"";""
"16/04/2025";"0000";"26,8";"27,4";"26,7";"99,0";"100,0";"96,0";"26,7";"26,9";"26,6";"1005,3";"1005,3";"1004,3";"0,3";"202,0";"1,5";"";""
"16/04/2025";"0100";"26,4";"27,0";"26,4";"100,0";"100,0";"98,0";"26,4";"26,8";"26,4";"1006,4";"1006,4";"1005,3";"0,0";"246,0";"1,2";"";""
"16/04/2025";"0200";"26,7";"27,0";"26,4";"100,0";"100,0";"100,0";"26,7";"27,0";"26,5";"1007,2";"1007,2";"1006,4";"0,2";"215,0";"1,6";"";""
"16/04/2025";"0300";"26,7";"27,1";"26,7";"100,0";"100,0";"97,0";"26,7";"27,0";"26,5";"1007,3";"1007,5";"1007,2";"0,0";"238,0";"2,5";"";""
"16/04/2025";"0400";"26,1";"26,7";"26,1";"100,0";"100,0";"97,0";"26,1";"26,6";"26,0";"1006,8";"1007,3";"1006,8";"0,0";"218,0";"1,9";"";""
"16/04/2025";"0500";"25,7";"26,4";"25,7";"";"100,0";"100,0";"";"26,4";"26,0";"1006,4";"1006,8";"1006,4";"0,0";"235,0";"0,0";"";""
"16/04/2025";"0600";"25,2";"25,7";"25,2";"";"";"";"";"";"";"1005,8";"1006,4";"1005,8";"0,0";"297,0";"0,0";"";""
"16/04/2025";"0700";"24,8";"25,2";"24,7";"";"";"";"";"";"";"1005,5";"1005,8";"1005,5";"0,0";"307,0";"0,0";"";""
"16/04/2025";"0800";"24,6";"24,9";"24,6";"";"";"";"";"";"";"1005,2";"1005,5";"1005,2";"0,0";"302,0";"0,0";"";""
"16/04/2025";"0900";"24,4";"24,7";"24,4";"";"";"";"";"";"";"1005,1";"1005,2";"1005,1";"0,0";"309,0";"0,0";"";""
"16/04/2025";"1000";"24,5";"24,6";"24,3";"";"";"";"";"";"";"1005,6";"1005,6";"1005,1";"0,0";"330,0";"0,0";"3,40";""
"16/04/2025";"1100";"26,2";"26,2";"24,4";"";"";"";"";"";"";"1006,4";"1006,4";"1005,6";"0,0";"286,0";"0,0";"197,80";""
"16/04/2025";"1200";"28,4";"28,7";"26,2";"84,0";"100,0";"83,0";"25,3";"27,2";"24,5";"1007,1";"1007,1";"1006,4";"0,0";"258,0";"2,2";"926,20";""
"16/04/2025";"1300";"29,1";"29,3";"28,3";"79,0";"83,0";"77,0";"25,0";"25,8";"24,4";"1007,6";"1007,6";"1007,1";"0,7";"217,0";"2,4";"1479,70";""
"16/04/2025";"1400";"30,7";"30,8";"28,7";"68,0";"82,0";"67,0";"24,1";"26,1";"23,4";"1007,6";"1007,7";"1007,6";"1,3";"231,0";"3,7";"2005,80";""
"16/04/2025";"1500";"32,0";"32,1";"30,1";"60,0";"74,0";"57,0";"23,3";"25,5";"22,6";"1007,1";"1007,6";"1007,0";"1,3";"243,0";"4,5";"2819,20";""
"16/04/2025";"1600";"32,6";"32,6";"31,2";"55,0";"64,0";"53,0";"22,5";"24,3";"21,4";"1006,2";"1007,1";"1006,2";"1,8";"266,0";"5,5";"2993,40";""
"16/04/2025";"1700";"32,6";"33,3";"32,2";"50,0";"57,0";"47,0";"20,9";"23,1";"19,8";"1005,1";"1006,2";"1005,1";"2,7";"297,0";"6,5";"3005,80";""
"16/04/2025";"1800";"33,0";"33,4";"32,3";"48,0";"56,0";"46,0";"20,6";"23,0";"19,5";"1004,4";"1005,1";"1004,3";"1,8";"256,0";"5,5";"2883,80";""
"16/04/2025";"1900";"32,8";"33,5";"32,5";"51,0";"53,0";"46,0";"21,3";"21,7";"19,7";"1003,7";"1004,4";"1003,7";"1,6";"256,0";"5,0";"2284,00";""
"16/04/2025";"2000";"32,5";"33,3";"32,3";"53,0";"55,0";"49,0";"21,7";"22,6";"20,7";"1002,8";"1003,7";"1002,8";"2,1";"288,0";"3,9";"1547,30";""
"16/04/2025";"2100";"31,3";"32,7";"31,3";"57,0";"57,0";"51,0";"21,7";"22,1";"21,1";"1002,3";"1002,8";"1002,3";"1,5";"287,0";"4,6";"669,40";""
"16/04/2025";"2200";"29,2";"31,3";"29,2";"68,0";"69,0";"57,0";"22,8";"23,1";"21,7";"1002,2";"1002,3";"1002,2";"1,1";"298,0";"2,8";"53,60";""
"16/04/2025";"2300";"27,7";"29,2";"27,7";"75,0";"75,0";"68,0";"22,8";"23,1";"22,6";"1002,6";"1002,6";"1002,2";"1,0";"297,0";"1,7";"";""
"17/04/2025";"0000";"27,7";"27,9";"27,5";"74,0";"76,0";"73,0";"22,6";"23,1";"22,4";"1003,6";"1003,6";"1002,6";"1,1";"290,0";"2,1";"";""
"17/04/2025";"0100";"26,9";"27,7";"26,5";"82,0";"83,0";"74,0";"23,6";"23,6";"22,6";"1004,7";"1004,7";"1003,6";"1,0";"289,0";"2,0";"";""
"17/04/2025";"0200";"26,6";"27,7";"26,6";"83,0";"83,0";"77,0";"23,4";"23,7";"23,1";"1005,5";"1005,5";"1004,7";"0,3";"291,0";"2,6";"";""
"17/04/2025";"0300";"26,1";"26,8";"26,1";"85,0";"85,0";"82,0";"23,4";"23,5";"23,3";"1005,7";"1005,8";"1005,4";"0,1";"294,0";"1,4";"";""
"17/04/2025";"0400";"26,7";"26,9";"26,1";"81,0";"85,0";"80,0";"23,1";"23,5";"23,0";"1005,7";"1005,9";"1005,7";"0,0";"280,0";"0,9";"";""
"17/04/2025";"0500";"26,0";"26,9";"25,7";"98,0";"98,0";"80,0";"25,6";"26,1";"23,0";"1005,0";"1005,7";"1005,0";"0,0";"289,0";"0,0";"";""
"17/04/2025";"0600";"25,7";"26,0";"25,7";"100,0";"100,0";"98,0";"25,7";"26,0";"25,6";"1004,8";"1005,0";"1004,7";"0,0";"296,0";"1,7";"";""
"17/04/2025";"0700";"25,9";"26,0";"25,7";"";"";"";"";"";"";"1004,7";"1004,8";"1004,6";"0,0";"314,0";"0,0";"";""
"17/04/2025";"0800";"25,8";"26,0";"25,8";"";"";"";"";"";"";"1004,8";"1004,9";"1004,6";"0,0";"305,0";"0,0";"";""
"17/04/2025";"0900";"25,2";"25,8";"25,2";"";"";"";"";"";"";"1005,0";"1005,0";"1004,7";"0,0";"290,0";"0,0";"";""
"17/04/2025";"1000";"25,3";"25,3";"24,8";"";"";"";"";"";"";"1005,4";"1005,4";"1005,0";"0,0";"285,0";"0,0";"2,40";""
"17/04/2025";"1100";"27,2";"27,2";"25,0";"91,0";"";"";"25,7";"";"";"1006,2";"1006,2";"1005,4";"0,7";"266,0";"2,5";"193,00";""
"17/04/2025";"1200";"28,9";"28,9";"27,2";"78,0";"91,0";"78,0";"24,6";"25,7";"24,5";"1007,0";"1007,0";"1006,2";"1,9";"258,0";"5,2";"910,90";""
"17/04/2025";"1300";"30,2";"30,4";"28,9";"70,0";"79,0";"69,0";"24,1";"25,1";"23,9";"1007,2";"1007,2";"1006,9";"1,7";"283,0";"5,2";"1587,90";""
"17/04/2025";"1400";"31,3";"31,7";"30,1";"62,0";"72,0";"62,0";"23,2";"25,2";"23,0";"1007,2";"1007,3";"1007,1";"2,0";"266,0";"5,5";"2185,80";""
"17/04/2025";"1500";"32,2";"32,5";"30,9";"59,0";"65,0";"57,0";"23,2";"24,3";"22,2";"1006,5";"1007,2";"1006,5";"1,9";"262,0";"6,7";"2699,50";""
"17/04/2025";"1600";"32,5";"33,1";"31,6";"56,0";"63,0";"56,0";"22,7";"24,3";"22,4";"1005,9";"1006,6";"1005,9";"2,2";"287,0";"4,9";"3034,30";""
"17/04/2025";"1700";"32,8";"33,3";"32,4";"58,0";"59,0";"54,0";"23,5";"23,9";"22,2";"1004,7";"1005,9";"1004,7";"2,3";"272,0";"6,0";"3079,60";""
"17/04/2025";"1800";"33,0";"33,5";"32,3";"57,0";"59,0";"54,0";"23,2";"23,9";"22,4";"1003,9";"1004,7";"1003,9";"1,6";"249,0";"6,0";"2785,70";""
"17/04/2025";"1900";"32,9";"33,6";"32,7";"55,0";"58,0";"54,0";"22,6";"23,8";"22,4";"1003,1";"1003,9";"1003,1";"2,2";"284,0";"5,3";"2237,90";""
"17/04/2025";"2000";"33,1";"33,6";"32,7";"55,0";"58,0";"53,0";"23,0";"23,7";"22,3";"1002,5";"1003,1";"1002,5";"0,9";"254,0";"5,0";"1529,90";""
"17/04/2025";"2100";"31,6";"33,3";"31,6";"61,0";"61,0";"54,0";"23,2";"23,4";"22,4";"1002,2";"1002,5";"1002,0";"1,3";"276,0";"4,2";"656,40";""
"17/04/2025";"2200";"29,8";"31,6";"29,8";"70,0";"70,0";"60,0";"23,7";"23,8";"22,8";"1002,4";"1002,4";"1002,1";"0,9";"296,0";"3,0";"60,90";""
"17/04/2025";"2300";"29,0";"29,8";"28,9";"73,0";"74,0";"69,0";"23,6";"24,1";"23,5";"1002,9";"1002,9";"1002,2";"1,1";"297,0";"2,0";"";""
"18/04/2025";"0000";"29,0";"29,2";"28,8";"74,0";"75,0";"72,0";"24,0";"24,1";"23,5";"1003,6";"1003,6";"1002,8";"1,0";"288,0";"2,1";"";""
"18/04/2025";"0100";"27,4";"29,2";"27,4";"83,0";"87,0";"73,0";"24,3";"25,1";"23,9";"1005,1";"1005,1";"1003,6";"0,8";"228,0";"4,1";"";""
"18/04/2025";"0200";"27,4";"27,5";"27,4";"82,0";"83,0";"81,0";"24,0";"24,3";"23,9";"1006,0";"1006,0";"1005,1";"0,0";"203,0";"3,1";"";""
"18/04/2025";"0300";"27,0";"27,4";"26,9";"95,0";"95,0";"82,0";"26,0";"26,0";"24,0";"1006,3";"1006,3";"1005,9";"0,0";"271,0";"0,0";"";""
"18/04/2025";"0400";"26,7";"27,0";"26,6";"100,0";"100,0";"95,0";"26,7";"26,8";"26,1";"1005,6";"1006,3";"1005,5";"0,0";"233,0";"0,0";"";""
"18/04/2025";"0500";"27,1";"27,1";"26,6";"100,0";"100,0";"100,0";"27,1";"27,1";"26,6";"1005,3";"1005,6";"1005,3";"0,0";"245,0";"1,8";"";""
"18/04/2025";"0600";"26,5";"27,1";"26,5";"";"100,0";"100,0";"";"27,1";"26,6";"1004,6";"1005,3";"1004,6";"0,0";"286,0";"0,0";"";""
"18/04/2025";"0700";"26,0";"26,5";"26,0";"";"";"";"";"";"";"1004,2";"1004,6";"1004,2";"0,0";"245,0";"0,0";"";""
"18/04/2025";"0800";"25,7";"26,1";"25,6";"";"";"";"";"";"";"1004,3";"1004,3";"1004,1";"0,0";"300,0";"0,0";"";""
"18/04/2025";"0900";"25,4";"25,7";"25,4";"";"";"";"";"";"";"1004,7";"1004,7";"1004,3";"0,0";"276,0";"0,0";"";""
"18/04/2025";"1000";"25,3";"25,5";"25,3";"";"";"";"";"";"";"1005,3";"1005,3";"1004,7";"0,0";"315,0";"0,0";"3,80";""
"18/04/2025";"1100";"27,1";"27,1";"25,3";"100,0";"";"";"27,1";"";"";"1006,4";"1006,4";"1005,3";"0,0";"297,0";"0,0";"211,00";""
"18/04/2025";"1200";"29,6";"29,6";"27,1";"81,0";"100,0";"80,0";"26,1";"27,7";"25,6";"1007,2";"1007,2";"1006,4";"0,5";"258,0";"2,6";"839,20";""
"18/04/2025";"1300";"30,9";"31,0";"29,6";"68,0";"82,0";"68,0";"24,3";"26,1";"24,3";"1007,6";"1007,6";"1007,1";"1,1";"245,0";"3,7";"1476,50";""
"18/04/2025";"1400";"31,3";"31,5";"30,5";"70,0";"76,0";"67,0";"25,1";"25,9";"24,0";"1007,6";"1007,7";"1007,6";"0,8";"227,0";"3,4";"2080,60";""
"18/04/2025";"1500";"30,9";"31,6";"30,1";"72,0";"78,0";"68,0";"25,2";"26,9";"24,4";"1007,3";"1007,6";"1007,3";"1,6";"210,0";"4,6";"1978,50";""
"18/04/2025";"1600";"31,7";"32,8";"30,8";"64,0";"74,0";"57,0";"24,0";"26,2";"22,8";"1006,2";"1007,3";"1006,2";"1,1";"213,0";"4,6";"2644,20";""
"18/04/2025";"1700";"33,4";"33,5";"31,6";"57,0";"67,0";"55,0";"23,8";"25,1";"22,6";"1004,9";"1006,2";"1004,8";"1,3";"247,0";"5,8";"3117,60";""
"18/04/2025";"1800";"33,4";"33,5";"31,8";"57,0";"66,0";"54,0";"23,7";"25,4";"22,5";"1003,9";"1004,9";"1003,9";"1,1";"274,0";"4,4";"2356,00";""
"18/04/2025";"1900";"32,1";"33,7";"31,9";"65,0";"65,0";"56,0";"24,8";"24,9";"22,9";"1003,1";"1003,9";"1003,1";"0,6";"213,0";"4,2";"1890,70";""
"18/04/2025";"2000";"32,9";"32,9";"31,5";"59,0";"68,0";"59,0";"23,7";"25,4";"23,6";"1002,5";"1003,1";"1002,5";"0,9";"263,0";"3,1";"930,10";""
"18/04/2025";"2100";"31,7";"32,9";"31,7";"62,0";"64,0";"58,0";"23,6";"24,2";"23,3";"1002,2";"1002,5";"1002,2";"1,3";"276,0";"3,8";"744,80";""
"18/04/2025";"2200";"29,9";"31,8";"29,9";"71,0";"71,0";"61,0";"24,0";"24,1";"23,2";"1002,7";"1002,7";"1002,2";"1,5";"296,0";"4,1";"86,20";""
"18/04/2025";"2300";"28,7";"29,9";"28,7";"79,0";"79,0";"71,0";"24,6";"24,6";"24,0";"1003,6";"1003,6";"1002,7";"1,1";"301,0";"2,9";"";""
"19/04/2025";"0000";"28,2";"28,7";"28,2";"81,0";"81,0";"79,0";"24,6";"24,6";"24,6";"1004,4";"1004,4";"1003,6";"1,1";"295,0";"2,5";"";""
"19/04/2025";"0100";"27,5";"28,2";"27,5";"85,0";"85,0";"81,0";"24,7";"24,8";"24,6";"1005,2";"1005,2";"1004,4";"1,0";"301,0";"2,2";"";""
"19/04/2025";"0200";"27,6";"27,6";"27,4";"85,0";"86,0";"85,0";"24,8";"24,9";"24,8";"1006,0";"1006,0";"1005,2";"1,4";"294,0";"2,4";"";""
"19/04/2025";"0300";"27,2";"27,6";"27,1";"97,0";"97,0";"85,0";"26,6";"26,7";"24,8";"1006,0";"1006,1";"1005,9";"1,2";"296,0";"2,5";"";""
"19/04/2025";"0400";"27,0";"27,2";"26,9";"100,0";"100,0";"97,0";"27,0";"27,0";"26,6";"1005,9";"1006,1";"1005,8";"1,4";"296,0";"2,2";"";""
"19/04/2025";"0500";"26,9";"27,0";"26,7";"100,0";"100,0";"100,0";"26,9";"27,0";"26,7";"1005,3";"1005,9";"1005,3";"1,3";"300,0";"2,3";"";""
"19/04/2025";"0600";"26,8";"27,1";"26,8";"100,0";"100,0";"100,0";"26,8";"27,1";"26,8";"1004,6";"1005,3";"1004,6";"0,4";"303,0";"2,2";"";""
"19/04/2025";"0700";"26,8";"27,2";"26,8";"100,0";"100,0";"100,0";"26,8";"27,2";"26,8";"1004,6";"1004,7";"1004,5";"0,0";"197,0";"1,1";"";""
"19/04/2025";"0800";"26,9";"26,9";"26,7";"";"";"";"";"";"";"1004,7";"1004,8";"1004,6";"0,0";"243,0";"0,0";"";""
"19/04/2025";"0900";"26,3";"26,9";"26,3";"";"";"";"";"";"";"1004,9";"1004,9";"1004,7";"0,8";"294,0";"1,3";"";""
"19/04/2025";"1000";"26,2";"26,3";"26,1";"";"";"";"";"";"";"1005,3";"1005,3";"1004,9";"0,0";"194,0";"1,6";"2,10";""
"19/04/2025";"1100";"28,0";"28,1";"26,2";"100,0";"";"";"28,0";"";"";"1006,3";"1006,3";"1005,3";"0,4";"299,0";"1,5";"191,90";""
"19/04/2025";"1200";"29,1";"29,3";"27,7";"92,0";"100,0";"87,0";"27,7";"28,0";"26,6";"1006,5";"1006,5";"1006,3";"1,3";"290,0";"2,5";"869,90";""
"19/04/2025";"1300";"31,3";"31,3";"29,1";"72,0";"93,0";"71,0";"25,6";"28,5";"25,0";"1007,1";"1007,1";"1006,5";"1,7";"285,0";"4,7";"1548,60";""
"19/04/2025";"1400";"31,5";"31,8";"30,2";"72,0";"77,0";"67,0";"25,8";"26,5";"24,6";"1007,1";"1007,2";"1007,1";"2,1";"268,0";"4,8";"1742,70";""
"19/04/2025";"1500";"31,7";"33,0";"31,3";"64,0";"72,0";"61,0";"23,9";"25,8";"23,7";"1006,4";"1007,1";"1006,4";"2,1";"275,0";"5,9";"2787,70";""
"19/04/2025";"1600";"31,5";"32,9";"31,2";"65,0";"71,0";"58,0";"24,1";"26,2";"23,2";"1005,6";"1006,4";"1005,6";"1,0";"216,0";"4,9";"2473,90";""
"19/04/2025";"1700";"30,8";"31,4";"30,5";"70,0";"74,0";"65,0";"24,8";"25,6";"24,1";"1004,3";"1005,6";"1004,3";"0,1";"262,0";"2,3";"696,80";""
"19/04/2025";"1800";"32,3";"33,0";"30,8";"60,0";"73,0";"60,0";"23,7";"26,2";"23,6";"1003,1";"1004,3";"1003,1";"0,1";"219,0";"2,0";"1347,70";""
"19/04/2025";"1900";"32,8";"33,6";"32,4";"61,0";"61,0";"56,0";"24,2";"24,4";"23,0";"1001,9";"1003,1";"1001,9";"0,7";"222,0";"2,7";"2288,30";""
"19/04/2025";"2000";"32,8";"33,3";"32,6";"55,0";"61,0";"52,0";"22,6";"24,1";"22,0";"1001,6";"1002,0";"1001,5";"0,8";"203,0";"2,4";"1566,60";""
"19/04/2025";"2100";"31,2";"34,1";"31,2";"68,0";"68,0";"53,0";"24,6";"24,8";"23,1";"1001,4";"1001,8";"1001,4";"1,4";"271,0";"3,4";"791,50";""
"19/04/2025";"2200";"29,7";"31,3";"29,7";"68,0";"70,0";"67,0";"23,1";"24,6";"23,1";"1002,2";"1002,2";"1001,4";"1,8";"285,0";"3,7";"198,10";""
"19/04/2025";"2300";"28,5";"29,7";"28,5";"78,0";"78,0";"68,0";"24,3";"24,3";"23,0";"1002,5";"1002,5";"1002,1";"1,6";"297,0";"4,1";"";""
"20/04/2025";"0000";"28,0";"28,5";"28,0";"80,0";"80,0";"78,0";"24,1";"24,3";"24,0";"1003,8";"1003,8";"1002,5";"0,9";"290,0";"3,1";"";""
"20/04/2025";"0100";"27,5";"28,0";"27,5";"83,0";"83,0";"80,0";"24,3";"24,3";"24,1";"1004,9";"1004,9";"1003,8";"1,9";"298,0";"3,7";"";""
"20/04/2025";"0200";"26,4";"27,7";"26,0";"83,0";"84,0";"80,0";"23,2";"24,6";"22,9";"1005,5";"1005,7";"1004,9";"0,8";"274,0";"5,9";"";""
"20/04/2025";"0300";"26,6";"26,7";"25,7";"92,0";"92,0";"81,0";"25,1";"25,1";"23,0";"1006,1";"1006,1";"1005,5";"0,4";"282,0";"2,7";"0,20";""
"20/04/2025";"0400";"25,3";"26,7";"25,3";"100,0";"100,0";"90,0";"25,3";"26,3";"24,1";"1006,5";"1006,5";"1005,9";"1,4";"263,0";"3,9";"0,20";""
"20/04/2025";"0500";"24,7";"25,3";"24,3";"100,0";"100,0";"99,0";"24,7";"25,2";"24,3";"1005,1";"1006,6";"1005,0";"1,1";"304,0";"6,6";"0,40";""
"20/04/2025";"0600";"24,5";"24,7";"24,3";"";"";"";"";"";"";"1003,9";"1005,1";"1003,9";"0,6";"301,0";"2,4";"";""
"20/04/2025";"0700";"24,7";"24,7";"24,4";"";"";"";"";"";"";"1003,9";"1003,9";"1003,7";"0,6";"314,0";"2,6";"";""
"20/04/2025";"0800";"24,9";"24,9";"24,7";"";"";"";"";"";"";"1004,0";"1004,1";"1003,9";"0,3";"308,0";"3,3";"";""
"20/04/2025";"0900";"24,7";"24,9";"24,7";"";"";"";"";"";"";"1004,2";"1004,3";"1004,0";"0,0";"325,0";"2,3";"";""
"20/04/2025";"1000";"24,8";"25,0";"24,6";"";"";"";"";"";"";"1004,7";"1004,7";"1004,2";"0,0";"294,0";"1,2";"2,30";""
"20/04/2025";"1100";"26,1";"26,1";"24,8";"100,0";"";"";"26,1";"";"";"1006,1";"1006,1";"1004,7";"0,0";"283,0";"1,3";"204,70";""
"20/04/2025";"1200";"27,2";"27,3";"26,1";"93,0";"100,0";"90,0";"26,1";"26,7";"25,5";"1006,8";"1006,8";"1006,1";"0,9";"300,0";"2,0";"688,10";""
"20/04/2025";"1300";"29,2";"29,5";"27,3";"77,0";"95,0";"76,0";"24,8";"27,5";"24,5";"1007,1";"1007,1";"1006,8";"0,2";"254,0";"2,5";"1223,30";""
"20/04/2025";"1400";"30,2";"30,6";"29,1";"74,0";"84,0";"72,0";"25,1";"26,6";"24,8";"1007,1";"1007,2";"1007,1";"1,5";"300,0";"3,6";"2007,90";""
"20/04/2025";"1500";"31,1";"31,1";"30,2";"71,0";"78,0";"71,0";"25,3";"26,6";"24,8";"1006,2";"1007,1";"1006,2";"1,3";"309,0";"4,0";"2320,90";""
"20/04/2025";"1600";"31,1";"32,0";"30,2";"71,0";"75,0";"67,0";"25,3";"26,2";"24,4";"1005,0";"1006,2";"1005,0";"1,4";"218,0";"2,9";"1743,70";""
"20/04/2025";"1700";"28,0";"32,5";"28,0";"80,0";"80,0";"60,0";"24,1";"26,0";"23,0";"1003,8";"1005,0";"1003,8";"2,8";"281,0";"7,3";"1742,40";""
"20/04/2025";"1800";"30,9";"30,9";"27,8";"68,0";"82,0";"68,0";"24,3";"24,5";"22,4";"1002,5";"1003,8";"1002,5";"1,5";"276,0";"5,2";"1144,30";""
"20/04/2025";"1900";"30,8";"32,3";"30,8";"60,0";"68,0";"51,0";"22,1";"24,4";"20,4";"1001,9";"1002,5";"1001,9";"0,7";"196,0";"3,5";"1790,20";""
"20/04/2025";"2000";"30,2";"31,3";"30,0";"67,0";"70,0";"55,0";"23,4";"24,7";"21,1";"1001,4";"1001,9";"1001,2";"1,6";"313,0";"4,1";"1114,50";""
"20/04/2025";"2100";"29,2";"30,3";"29,2";"77,0";"77,0";"66,0";"24,7";"25,0";"23,3";"1000,9";"1001,4";"1000,9";"1,1";"325,0";"4,6";"400,10";""
"20/04/2025";"2200";"27,5";"29,1";"27,5";"80,0";"81,0";"77,0";"23,6";"24,9";"23,6";"1001,7";"1001,7";"1000,9";"2,0";"339,0";"4,2";"70,70";""
"20/04/2025";"2300";"26,3";"27,5";"26,3";"84,0";"84,0";"77,0";"23,4";"23,6";"22,8";"1002,8";"1002,8";"1001,7";"2,0";"332,0";"5,0";"";""
"21/04/2025";"0000";"25,6";"26,3";"25,6";"83,0";"84,0";"81,0";"22,5";"23,4";"22,5";"1003,9";"1003,9";"1002,8";"1,5";"332,0";"5,0";"";""
"21/04/2025";"0100";"25,0";"25,7";"25,0";"94,0";"94,0";"82,0";"23,9";"23,9";"22,4";"1004,9";"1004,9";"1003,9";"0,7";"314,0";"4,9";"";""
"21/04/2025";"0200";"25,0";"25,0";"24,9";"100,0";"100,0";"94,0";"25,0";"25,0";"24,1";"1005,4";"1005,4";"1004,9";"1,1";"322,0";"3,4";"";""
"21/04/2025";"0300";"24,8";"25,0";"24,8";"";"100,0";"100,0";"";"25,0";"24,8";"1005,5";"1005,5";"1005,4";"0,6";"315,0";"3,1";"";""
"21/04/2025";"0400";"24,5";"24,8";"24,5";"";"";"";"";"";"";"1004,9";"1005,5";"1004,9";"0,3";"305,0";"2,6";"";""
"21/04/2025";"0500";"24,5";"24,6";"24,3";"";"";"";"";"";"";"1003,8";"1004,9";"1003,8";"1,1";"325,0";"3,5";"";""
"21/04/2025";"0600";"24,0";"24,5";"23,9";"";"";"";"";"";"";"1003,8";"1003,9";"1003,7";"0,0";"235,0";"3,2";"";""
"21/04/2025";"0700";"24,0";"24,4";"23,9";"";"";"";"";"";"";"1003,6";"1003,8";"1003,4";"0,2";"304,0";"2,3";"";""
"21/04/2025";"0800";"23,9";"24,0";"23,6";"";"";"";"";"";"";"1003,6";"1003,7";"1003,5";"0,1";"293,0";"2,4";"";""
"21/04/2025";"0900";"24,0";"24,2";"23,8";"";"";"";"";"";"";"1004,1";"1004,1";"1003,6";"1,1";"329,0";"3,6";"";""
"21/04/2025";"1000";"24,0";"24,0";"23,8";"";"";"";"";"";"";"1005,0";"1005,0";"1004,1";"1,4";"330,0";"3,1";"0,30";""
"21/04/2025";"1100";"24,0";"24,1";"23,9";"";"";"";"";"";"";"1005,9";"1005,9";"1005,0";"0,2";"301,0";"3,1";"78,50";""
"21/04/2025";"1200";"24,9";"24,9";"23,9";"";"";"";"";"";"";"1006,9";"1006,9";"1005,9";"0,4";"326,0";"2,6";"297,50";""
"21/04/2025";"1300";"26,3";"26,5";"24,8";"90,0";"100,0";"90,0";"24,6";"25,9";"24,6";"1006,8";"1007,1";"1006,8";"1,5";"334,0";"3,8";"808,30";""
"21/04/2025";"1400";"27,7";"27,7";"25,9";"79,0";"94,0";"78,0";"23,6";"25,5";"23,4";"1007,0";"1007,0";"1006,7";"2,0";"332,0";"5,7";"1068,30";""
"21/04/2025";"1500";"28,1";"28,7";"27,6";"75,0";"80,0";"73,0";"23,2";"24,3";"22,9";"1006,9";"1007,0";"1006,8";"1,5";"343,0";"4,5";"1183,80";""
"21/04/2025";"1600";"28,1";"29,4";"28,0";"81,0";"82,0";"71,0";"24,4";"24,8";"23,1";"1006,1";"1006,9";"1006,1";"1,2";"239,0";"3,3";"1248,90";""
"21/04/2025";"1700";"27,7";"28,2";"27,4";"79,0";"84,0";"77,0";"23,8";"24,5";"23,3";"1004,6";"1006,1";"1004,6";"0,7";"250,0";"3,0";"817,60";""
"21/04/2025";"1800";"27,8";"28,0";"26,3";"82,0";"97,0";"79,0";"24,3";"26,3";"23,8";"1003,2";"1004,6";"1003,2";"2,2";"332,0";"5,6";"1451,00";""
"21/04/2025";"1900";"27,9";"29,1";"27,6";"74,0";"85,0";"67,0";"22,9";"25,5";"22,1";"1002,4";"1003,2";"1002,4";"1,2";"235,0";"4,3";"1657,90";""
"21/04/2025";"2000";"29,2";"29,2";"27,8";"70,0";"76,0";"68,0";"23,2";"23,5";"22,5";"1001,6";"1002,4";"1001,5";"1,4";"323,0";"3,0";"1065,70";""
"21/04/2025";"2100";"28,6";"29,9";"28,6";"72,0";"74,0";"66,0";"23,1";"23,9";"22,4";"1002,1";"1002,1";"1001,7";"1,6";"331,0";"3,6";"649,10";""
"21/04/2025";"2200";"27,6";"28,8";"27,6";"80,0";"80,0";"72,0";"23,8";"23,8";"23,0";"1002,2";"1002,2";"1002,0";"0,9";"328,0";"3,5";"58,30";""
"21/04/2025";"2300";"27,0";"27,6";"27,0";"81,0";"82,0";"78,0";"23,5";"24,1";"23,3";"1003,2";"1003,2";"1002,2";"0,9";"331,0";"2,5";"";""
"22/04/2025";"0000";"26,4";"27,2";"26,4";"99,0";"99,0";"80,0";"26,2";"26,3";"23,4";"1004,1";"1004,1";"1003,2";"1,1";"323,0";"3,7";"";""
"22/04/2025";"0100";"25,5";"26,4";"25,5";"100,0";"100,0";"99,0";"25,5";"26,2";"25,5";"1005,1";"1005,1";"1004,1";"1,6";"299,0";"3,6";"";""
"22/04/2025";"0200";"25,4";"25,5";"25,3";"";"";"";"";"";"";"1005,3";"1005,3";"1005,0";"0,8";"297,0";"3,1";"";""
"22/04/2025";"0300";"25,0";"25,4";"25,0";"";"";"";"";"";"";"1005,3";"1005,5";"1005,2";"0,8";"281,0";"1,9";"";""
"22/04/2025";"0400";"25,0";"25,1";"24,9";"";"";"";"";"";"";"1005,3";"1005,4";"1005,2";"0,0";"249,0";"1,6";"";""
"22/04/2025";"0500";"24,9";"25,2";"24,8";"";"";"";"";"";"";"1004,4";"1005,3";"1004,4";"0,0";"292,0";"0,0";"";""
"22/04/2025";"0600";"24,4";"25,0";"24,4";"";"";"";"";"";"";"1003,8";"1004,4";"1003,8";"0,0";"307,0";"0,4";"";""
"22/04/2025";"0700";"24,2";"24,5";"24,2";"";"";"";"";"";"";"1003,5";"1003,8";"1003,5";"0,0";"315,0";"0,0";"";""
"22/04/2025";"0800";"24,1";"24,2";"24,1";"";"";"";"";"";"";"1003,6";"1003,6";"1003,4";"0,0";"303,0";"0,0";"";""
"22/04/2025";"0900";"24,4";"24,4";"24,1";"";"";"";"";"";"";"1004,3";"1004,3";"1003,6";"0,2";"319,0";"2,0";"";""
"22/04/2025";"1000";"24,1";"24,5";"24,0";"";"";"";"";"";"";"1004,8";"1004,8";"1004,3";"0,0";"310,0";"1,7";"1,80";""
"22/04/2025";"1100";"26,2";"26,3";"24,1";"91,0";"";"";"24,7";"";"";"1005,2";"1005,2";"1004,8";"0,0";"316,0";"1,5";"277,10";""
"22/04/2025";"1200";"28,0";"28,2";"26,2";"82,0";"95,0";"80,0";"24,7";"26,1";"23,5";"1006,1";"1006,1";"1005,2";"0,5";"276,0";"2,7";"980,50";""
"22/04/2025";"1300";"29,0";"29,3";"27,8";"74,0";"84,0";"73,0";"23,8";"25,0";"23,2";"1006,6";"1006,6";"1006,1";"0,7";"231,0";"2,9";"1559,40";""
"22/04/2025";"1400";"29,0";"29,4";"28,2";"84,0";"90,0";"74,0";"26,0";"26,9";"23,8";"1006,7";"1006,7";"1006,6";"1,1";"212,0";"2,6";"1693,00";""
"22/04/2025";"1500";"30,2";"30,2";"28,7";"78,0";"84,0";"73,0";"25,9";"26,2";"24,3";"1006,2";"1006,8";"1006,2";"1,3";"224,0";"3,9";"2213,70";""
"22/04/2025";"1600";"31,3";"31,7";"29,8";"60,0";"78,0";"56,0";"22,7";"26,4";"21,7";"1005,0";"1006,2";"1005,0";"1,4";"227,0";"3,9";"3043,20";""
"22/04/2025";"1700";"32,2";"32,7";"30,3";"56,0";"68,0";"53,0";"22,2";"24,0";"21,6";"1003,5";"1005,0";"1003,5";"1,6";"278,0";"3,9";"3041,60";""
"22/04/2025";"1800";"31,4";"32,8";"31,4";"56,0";"59,0";"52,0";"21,5";"23,2";"20,8";"1002,5";"1003,5";"1002,5";"1,5";"276,0";"4,6";"2673,20";""
"22/04/2025";"1900";"30,3";"31,7";"29,5";"67,0";"74,0";"54,0";"23,5";"25,3";"21,1";"1001,7";"1002,5";"1001,7";"1,2";"218,0";"4,0";"1720,40";""
"22/04/2025";"2000";"31,0";"31,2";"29,6";"67,0";"73,0";"67,0";"24,1";"24,9";"23,0";"1001,2";"1001,7";"1001,2";"0,6";"225,0";"3,0";"1145,20";""
"22/04/2025";"2100";"29,1";"31,1";"29,1";"72,0";"72,0";"67,0";"23,6";"24,9";"22,9";"1001,2";"1001,5";"1001,2";"0,2";"214,0";"3,0";"553,50";""
"22/04/2025";"2200";"28,0";"29,1";"27,8";"76,0";"77,0";"71,0";"23,3";"23,8";"23,2";"1001,9";"1001,9";"1001,2";"0,0";"203,0";"1,3";"94,90";""
"22/04/2025";"2300";"27,3";"28,2";"27,3";"83,0";"83,0";"76,0";"24,2";"24,2";"23,5";"1002,2";"1002,2";"1001,8";"0,0";"228,0";"0,0";"";""
"23/04/2025";"0000";"27,2";"27,5";"27,2";"82,0";"84,0";"81,0";"23,8";"24,5";"23,8";"1003,1";"1003,1";"1002,2";"0,0";"268,0";"0,0";"";""
"23/04/2025";"0100";"";"";"";"";"";"";"";"";"";"";"";"";"";"";"";"";""
"23/04/2025";"0200";"25,7";"27,0";"25,7";"";"";"";"";"";"";"1005,0";"1005,1";"1004,4";"2,6";"289,0";"6,8";"0,10";""
"23/04/2025";"0300";"25,9";"26,0";"25,7";"";"";"";"";"";"";"1004,6";"1005,1";"1004,6";"0,2";"301,0";"6,8";"";""
"23/04/2025";"0400";"25,9";"26,0";"25,8";"";"";"";"";"";"";"1004,3";"1004,6";"1004,3";"1,5";"302,0";"2,8";"";""
"23/04/2025";"0500";"25,9";"26,0";"25,8";"";"";"";"";"";"";"1004,2";"1004,5";"1004,2";"0,4";"317,0";"2,6";"";""
"23/04/2025";"0600";"25,4";"25,9";"25,4";"";"";"";"";"";"";"1003,7";"1004,2";"1003,7";"0,4";"319,0";"2,3";"";""
"23/04/2025";"0700";"25,5";"25,5";"25,3";"";"";"";"";"";"";"1003,5";"1003,8";"1003,5";"1,1";"326,0";"2,8";"";""
"23/04/2025";"0800";"25,1";"25,6";"25,1";"";"";"";"";"";"";"1003,5";"1003,5";"1003,3";"1,4";"300,0";"2,8";"";""
"23/04/2025";"0900";"25,1";"25,2";"25,0";"";"";"";"";"";"";"1003,8";"1003,8";"1003,5";"1,0";"303,0";"2,7";"";""
"23/04/2025";"1000";"24,9";"25,2";"24,8";"";"";"";"";"";"";"1004,3";"1004,3";"1003,8";"0,1";"260,0";"2,3";"1,60";""
"23/04/2025";"1100";"26,4";"26,4";"24,9";"";"";"";"";"";"";"1004,7";"1004,7";"1004,3";"1,1";"290,0";"1,7";"213,40";""
"23/04/2025";"1200";"27,5";"27,9";"26,2";"95,0";"";"";"26,7";"";"";"1005,6";"1005,6";"1004,7";"0,4";"259,0";"3,1";"529,60";""
"23/04/2025";"1300";"29,0";"29,0";"27,3";"84,0";"100,0";"82,0";"26,0";"27,8";"25,4";"1006,6";"1006,6";"1005,6";"0,6";"259,0";"3,1";"831,90";""
"23/04/2025";"1400";"29,5";"30,0";"28,9";"80,0";"93,0";"74,0";"25,7";"28,4";"24,5";"1006,9";"1006,9";"1006,6";"0,9";"228,0";"3,4";"1657,10";""
"23/04/2025";"1500";"30,7";"30,8";"29,0";"71,0";"87,0";"71,0";"24,9";"27,1";"24,5";"1006,5";"1007,0";"1006,5";"1,0";"242,0";"4,1";"2113,30";""
"23/04/2025";"1600";"31,5";"32,6";"30,7";"64,0";"71,0";"58,0";"24,0";"25,2";"22,6";"1005,5";"1006,5";"1005,5";"1,5";"265,0";"5,3";"2944,00";""
"23/04/2025";"1700";"31,6";"32,5";"31,3";"63,0";"65,0";"59,0";"23,7";"24,9";"22,7";"1004,3";"1005,5";"1004,3";"1,7";"277,0";"5,4";"2857,70";""
"23/04/2025";"1800";"32,0";"32,7";"31,2";"62,0";"67,0";"59,0";"23,7";"25,0";"23,1";"1003,3";"1004,4";"1003,3";"1,3";"252,0";"5,1";"2573,80";""
"23/04/2025";"1900";"32,5";"32,8";"31,8";"56,0";"63,0";"56,0";"22,6";"24,4";"22,3";"1001,7";"1003,2";"1001,7";"1,6";"265,0";"5,0";"2209,90";""
"23/04/2025";"2000";"31,3";"32,5";"31,3";"59,0";"60,0";"54,0";"22,3";"23,1";"21,8";"1000,9";"1001,7";"1000,9";"1,9";"259,0";"4,4";"1399,40";""
"23/04/2025";"2100";"30,3";"31,8";"30,3";"65,0";"65,0";"59,0";"22,9";"23,4";"22,4";"1000,6";"1000,9";"1000,6";"1,0";"262,0";"4,4";"552,10";""
"23/04/2025";"2200";"28,8";"30,3";"28,8";"68,0";"69,0";"64,0";"22,5";"23,1";"22,1";"1001,5";"1001,5";"1000,5";"0,6";"278,0";"3,0";"51,30";""
"23/04/2025";"2300";"27,9";"28,9";"27,9";"75,0";"75,0";"68,0";"23,0";"23,2";"22,3";"1003,0";"1003,0";"1001,5";"0,0";"290,0";"2,1";"";""
"24/04/2025";"0000";"27,8";"27,9";"27,5";"76,0";"78,0";"75,0";"23,1";"23,4";"23,0";"1004,4";"1004,4";"1003,0";"0,1";"287,0";"1,5";"";""
"24/04/2025";"0100";"27,4";"27,8";"27,3";"78,0";"79,0";"76,0";"23,2";"23,4";"23,0";"1004,9";"1004,9";"1004,4";"0,4";"281,0";"1,6";"";""
"24/04/2025";"0200";"27,5";"27,8";"27,2";"78,0";"80,0";"77,0";"23,5";"23,6";"23,2";"1005,4";"1005,4";"1004,9";"1,3";"279,0";"2,9";"";""
"24/04/2025";"0300";"26,9";"27,6";"26,9";"84,0";"84,0";"78,0";"23,9";"23,9";"23,4";"1005,5";"1005,6";"1005,4";"0,4";"278,0";"2,5";"";""
"24/04/2025";"0400";"26,6";"27,0";"26,6";"86,0";"86,0";"84,0";"24,1";"24,1";"23,9";"1004,7";"1005,5";"1004,7";"0,7";"291,0";"2,0";"";""
"24/04/2025";"0500";"26,7";"26,7";"26,5";"87,0";"96,0";"86,0";"24,4";"25,9";"24,1";"1003,7";"1004,7";"1003,7";"0,8";"276,0";"2,4";"";""
"24/04/2025";"0600";"26,5";"26,7";"26,3";"88,0";"91,0";"87,0";"24,4";"24,8";"24,3";"1003,1";"1003,7";"1003,1";"0,8";"273,0";"2,8";"";""
"24/04/2025";"0700";"26,1";"26,5";"26,1";"100,0";"100,0";"88,0";"26,1";"26,1";"24,3";"1003,2";"1003,2";"1002,9";"0,7";"282,0";"2,6";"";""
"24/04/2025";"0800";"25,5";"26,2";"25,5";"";"100,0";"100,0";"";"26,2";"25,7";"1003,5";"1003,6";"1003,2";"0,6";"302,0";"1,9";"";""
"24/04/2025";"0900";"25,2";"25,5";"25,2";"";"";"";"";"";"";"1003,9";"1003,9";"1003,5";"1,3";"298,0";"2,0";"";""
"24/04/2025";"1000";"25,2";"25,3";"25,2";"";"";"";"";"";"";"1004,2";"1004,2";"1003,8";"1,1";"292,0";"2,0";"2,50";""
"24/04/2025";"1100";"26,7";"26,7";"25,2";"100,0";"";"";"26,7";"";"";"1005,2";"1005,2";"1004,2";"0,4";"272,0";"2,5";"139,60";""
"24/04/2025";"1200";"27,9";"27,9";"26,7";"94,0";"100,0";"93,0";"26,9";"27,1";"26,5";"1006,0";"1006,0";"1005,2";"0,6";"274,0";"2,8";"391,10";""
"24/04/2025";"1300";"29,8";"29,9";"27,9";"72,0";"99,0";"72,0";"24,2";"28,1";"24,2";"1006,7";"1006,7";"1006,0";"1,8";"285,0";"5,4";"1021,70";""
"24/04/2025";"1400";"29,7";"30,5";"29,7";"71,0";"76,0";"69,0";"23,9";"25,1";"23,7";"1006,9";"1006,9";"1006,6";"3,0";"284,0";"7,4";"1849,20";""
"24/04/2025";"1500";"31,1";"31,5";"29,7";"70,0";"73,0";"65,0";"24,9";"25,4";"23,7";"1006,3";"1006,9";"1006,2";"2,1";"263,0";"7,2";"2580,10";""
"24/04/2025";"1600";"32,3";"32,5";"30,8";"63,0";"71,0";"63,0";"24,4";"25,7";"23,7";"1005,1";"1006,3";"1005,1";"1,6";"260,0";"6,1";"2724,30";""
"24/04/2025";"1700";"31,6";"32,5";"31,0";"64,0";"69,0";"61,0";"23,8";"25,2";"23,5";"1003,9";"1005,1";"1003,9";"2,0";"263,0";"6,1";"2811,10";""
"24/04/2025";"1800";"30,9";"31,6";"30,6";"66,0";"67,0";"61,0";"23,9";"24,3";"22,9";"1002,8";"1003,9";"1002,7";"1,9";"285,0";"4,9";"1508,60";""
"24/04/2025";"1900";"28,2";"30,9";"28,1";"79,0";"80,0";"66,0";"24,3";"24,7";"23,6";"1002,1";"1002,8";"1002,1";"1,7";"325,0";"4,8";"627,40";""
"24/04/2025";"2000";"28,1";"28,6";"28,1";"80,0";"81,0";"77,0";"24,4";"24,8";"23,8";"1001,5";"1002,1";"1001,5";"1,5";"326,0";"3,6";"525,10";""
"24/04/2025";"2100";"27,8";"28,3";"27,8";"82,0";"82,0";"78,0";"24,4";"24,7";"23,7";"1001,5";"1001,6";"1001,3";"0,7";"255,0";"3,3";"350,00";""
"24/04/2025";"2200";"26,8";"27,8";"26,8";"95,0";"95,0";"82,0";"25,9";"25,9";"24,1";"1002,3";"1002,3";"1001,5";"0,2";"229,0";"3,9";"69,10";""
"24/04/2025";"2300";"26,2";"26,8";"26,2";"100,0";"100,0";"95,0";"26,2";"26,5";"26,0";"1002,5";"1002,5";"1002,1";"1,5";"341,0";"2,8";"";""
"25/04/2025";"0000";"26,1";"26,2";"25,9";"";"100,0";"100,0";"";"26,2";"25,9";"1003,9";"1003,9";"1002,5";"0,5";"252,0";"3,5";"";""
"25/04/2025";"0100";"26,1";"26,4";"26,0";"100,0";"100,0";"100,0";"26,1";"26,4";"26,0";"1004,8";"1004,8";"1003,9";"0,1";"296,0";"3,3";"";""
"25/04/2025";"0200";"26,3";"26,4";"26,1";"100,0";"";"";"26,3";"";"";"1005,0";"1005,1";"1004,8";"0,3";"309,0";"1,8";"";""
"25/04/2025";"0300";"26,3";"26,4";"25,7";"";"";"";"";"";"";"1005,2";"1005,3";"1005,0";"0,0";"268,0";"1,4";"";""
"25/04/2025";"0400";"26,0";"26,3";"25,6";"";"";"";"";"";"";"1005,1";"1005,2";"1005,0";"0,0";"329,0";"1,3";"";""
"25/04/2025";"0500";"25,5";"26,0";"25,4";"";"";"";"";"";"";"1004,4";"1005,1";"1004,4";"0,0";"329,0";"0,0";"";""
"25/04/2025";"0600";"25,1";"26,1";"25,1";"";"";"";"";"";"";"1003,6";"1004,4";"1003,6";"0,5";"342,0";"2,4";"";""
"25/04/2025";"0700";"25,0";"25,1";"24,8";"";"";"";"";"";"";"1003,1";"1003,6";"1003,1";"1,1";"337,0";"2,4";"";""
"25/04/2025";"0800";"25,4";"25,4";"25,0";"";"";"";"";"";"";"1003,0";"1003,1";"1002,8";"0,7";"268,0";"2,7";"";""
"25/04/2025";"0900";"25,4";"25,5";"25,3";"";"";"";"";"";"";"1003,6";"1003,6";"1003,0";"0,3";"320,0";"2,4";"";""
"25/04/2025";"1000";"24,9";"25,4";"24,9";"";"";"";"";"";"";"1004,3";"1004,3";"1003,6";"0,1";"324,0";"2,0";"1,70";""
"25/04/2025";"1100";"25,1";"25,1";"24,7";"";"";"";"";"";"";"1005,5";"1005,5";"1004,3";"0,0";"340,0";"2,4";"123,00";""
"25/04/2025";"1200";"26,7";"26,7";"25,1";"";"";"";"";"";"";"1006,1";"1006,1";"1005,5";"0,0";"241,0";"0,0";"445,00";""
"25/04/2025";"1300";"27,9";"28,3";"26,6";"98,0";"100,0";"89,0";"27,5";"28,1";"25,7";"1006,7";"1006,7";"1006,1";"0,0";"207,0";"0,0";"1099,10";""
"25/04/2025";"1400";"30,1";"30,2";"27,8";"74,0";"98,0";"74,0";"25,0";"27,6";"24,6";"1006,5";"1006,7";"1006,5";"0,5";"231,0";"2,9";"1843,40";""
"25/04/2025";"1500";"30,7";"31,1";"29,3";"73,0";"80,0";"72,0";"25,3";"26,6";"24,4";"1006,2";"1006,6";"1006,2";"0,7";"239,0";"3,4";"1920,60";""
"25/04/2025";"1600";"30,7";"31,6";"30,2";"64,0";"77,0";"60,0";"23,0";"26,8";"22,5";"1005,0";"1006,2";"1004,9";"1,7";"250,0";"5,3";"2652,10";""
"25/04/2025";"1700";"29,8";"30,9";"29,6";"68,0";"69,0";"61,0";"23,2";"24,0";"22,4";"1003,7";"1005,0";"1003,7";"2,0";"277,0";"5,1";"1211,10";""
"25/04/2025";"1800";"29,2";"30,0";"28,8";"76,0";"77,0";"67,0";"24,6";"24,6";"22,8";"1002,5";"1003,7";"1002,5";"2,5";"290,0";"5,4";"944,20";""
"25/04/2025";"1900";"29,5";"30,3";"28,7";"72,0";"76,0";"71,0";"23,9";"24,8";"23,7";"1001,5";"1002,5";"1001,5";"1,7";"300,0";"5,4";"1265,80";""
"25/04/2025";"2000";"28,9";"29,5";"28,7";"76,0";"76,0";"71,0";"24,1";"24,4";"23,4";"1001,4";"1001,5";"1001,2";"1,5";"307,0";"3,8";"554,00";""
"25/04/2025";"2100";"28,4";"28,9";"28,3";"76,0";"77,0";"74,0";"23,7";"24,2";"23,5";"1001,9";"1001,9";"1001,4";"1,8";"336,0";"3,7";"294,60";""
"25/04/2025";"2200";"27,3";"28,5";"27,3";"82,0";"82,0";"76,0";"23,9";"24,0";"23,6";"1002,2";"1002,2";"1001,9";"0,1";"308,0";"3,5";"40,40";""
"25/04/2025";"2300";"26,8";"27,3";"26,7";"88,0";"92,0";"82,0";"24,7";"25,4";"23,9";"1003,0";"1003,0";"1002,2";"1,3";"324,0";"3,4";"";""
"26/04/2025";"0000";"26,1";"26,8";"26,1";"99,0";"99,0";"87,0";"26,0";"26,0";"24,3";"1003,8";"1003,8";"1003,0";"1,1";"319,0";"3,8";"";""
"26/04/2025";"0100";"25,6";"26,1";"25,6";"";"";"";"";"";"";"1004,8";"1004,8";"1003,8";"1,0";"305,0";"2,9";"";""
"26/04/2025";"0200";"25,4";"25,5";"25,3";"";"";"";"";"";"";"1005,0";"1005,1";"1004,7";"0,7";"307,0";"2,4";"";""
"26/04/2025";"0300";"25,1";"25,4";"25,0";"";"";"";"";"";"";"1004,9";"1005,0";"1004,9";"1,2";"292,0";"2,1";"";""
"26/04/2025";"0400";"24,9";"25,3";"24,9";"";"";"";"";"";"";"1004,0";"1004,9";"1003,9";"1,5";"294,0";"2,6";"";""
"26/04/2025";"0500";"25,0";"25,0";"24,9";"";"";"";"";"";"";"1003,8";"1004,0";"1003,8";"0,9";"292,0";"2,6";"";""
"26/04/2025";"0600";"25,0";"25,2";"24,9";"";"";"";"";"";"";"1003,6";"1003,9";"1003,5";"0,3";"298,0";"2,5";"";""
"26/04/2025";"0700";"24,9";"25,0";"24,7";"";"";"";"";"";"";"1003,1";"1003,6";"1003,1";"0,6";"311,0";"2,3";"";""
"26/04/2025";"0800";"24,8";"25,0";"24,8";"";"";"";"";"";"";"1003,3";"1003,3";"1003,0";"1,1";"300,0";"2,6";"";""
"26/04/2025";"0900";"25,1";"25,1";"24,8";"";"";"";"";"";"";"1003,5";"1003,5";"1003,1";"0,0";"307,0";"2,3";"";""
"26/04/2025";"1000";"25,1";"25,1";"25,0";"";"";"";"";"";"";"1004,6";"1004,6";"1003,5";"1,1";"296,0";"1,9";"2,00";""
"26/04/2025";"1100";"25,6";"25,6";"25,1";"";"";"";"";"";"";"1005,7";"1005,7";"1004,6";"0,5";"293,0";"2,8";"141,80";""
"26/04/2025";"1200";"26,8";"26,9";"25,6";"97,0";"100,0";"97,0";"26,3";"26,8";"26,1";"1006,4";"1006,4";"1005,6";"1,0";"294,0";"2,2";"535,50";""
"26/04/2025";"1300";"28,2";"28,2";"26,7";"86,0";"100,0";"84,0";"25,6";"26,8";"25,0";"1006,8";"1006,8";"1006,4";"0,4";"254,0";"2,3";"945,20";""
"26/04/2025";"1400";"28,7";"29,0";"27,7";"81,0";"90,0";"81,0";"25,1";"26,5";"24,6";"1006,9";"1006,9";"1006,8";"1,4";"223,0";"2,8";"1720,80";""
"26/04/2025";"1500";"29,4";"30,0";"28,7";"74,0";"83,0";"73,0";"24,2";"26,0";"24,2";"1006,4";"1006,9";"1006,4";"1,5";"223,0";"3,4";"2231,40";""
"26/04/2025";"1600";"30,8";"30,9";"29,4";"67,0";"76,0";"67,0";"23,9";"25,0";"23,2";"1005,7";"1006,4";"1005,7";"1,0";"230,0";"3,4";"2165,30";""
"26/04/2025";"1700";"30,3";"30,7";"29,6";"67,0";"73,0";"64,0";"23,6";"25,0";"22,5";"1004,2";"1005,7";"1004,2";"1,2";"214,0";"2,7";"2395,90";""
"26/04/2025";"1800";"29,7";"30,3";"29,6";"70,0";"70,0";"64,0";"23,5";"23,8";"22,4";"1002,6";"1004,2";"1002,6";"2,1";"238,0";"3,4";"2061,50";""
"26/04/2025";"1900";"30,0";"30,1";"29,6";"70,0";"72,0";"69,0";"23,9";"24,2";"23,4";"1001,5";"1002,6";"1001,5";"1,8";"236,0";"3,5";"1770,00";""
"26/04/2025";"2000";"29,2";"30,4";"29,2";"73,0";"73,0";"68,0";"23,8";"24,2";"23,3";"1000,8";"1001,5";"1000,8";"0,2";"250,0";"3,1";"881,40";""
"26/04/2025";"2100";"27,9";"29,3";"27,9";"82,0";"82,0";"72,0";"24,5";"24,5";"23,5";"1001,0";"1001,0";"1000,7";"0,8";"230,0";"3,1";"179,60";""
"26/04/2025";"2200";"26,7";"27,9";"26,7";"";"";"";"";"";"";"1001,0";"1001,0";"1000,9";"0,0";"221,0";"2,7";"41,20";""
"26/04/2025";"2300";"26,5";"26,7";"26,5";"";"";"";"";"";"";"1001,7";"1001,7";"1001,0";"0,1";"254,0";"2,1";"";""
"27/04/2025";"0000";"26,2";"26,5";"26,2";"";"100,0";"100,0";"";"26,5";"26,2";"1003,2";"1003,2";"1001,7";"0,6";"280,0";"1,8";"";""
"27/04/2025";"0100";"26,4";"26,4";"26,1";"";"";"";"";"";"";"1004,6";"1004,6";"1003,2";"1,1";"280,0";"3,3";"";""
"27/04/2025";"0200";"26,4";"26,4";"26,2";"";"";"";"";"";"";"1005,5";"1005,5";"1004,6";"0,2";"276,0";"3,3";"";""
"27/04/2025";"0300";"26,5";"26,7";"26,4";"";"";"";"";"";"";"1005,8";"1006,0";"1005,6";"1,3";"300,0";"2,6";"";""
"27/04/2025";"0400";"26,4";"26,5";"26,3";"100,0";"";"";"26,4";"";"";"1005,5";"1005,9";"1005,4";"1,9";"294,0";"3,6";"";""
"27/04/2025";"0500";"25,2";"26,4";"25,2";"";"";"";"";"";"";"1005,3";"1005,7";"1005,3";"2,3";"288,0";"5,7";"0,10";""
"27/04/2025";"0600";"25,1";"25,3";"25,0";"";"";"";"";"";"";"1004,3";"1005,3";"1004,3";"1,4";"294,0";"5,8";"";""
"27/04/2025";"0700";"24,7";"25,1";"24,7";"";"";"";"";"";"";"1004,0";"1004,3";"1003,9";"1,4";"292,0";"4,0";"";""
"27/04/2025";"0800";"24,6";"24,7";"24,6";"";"";"";"";"";"";"1003,9";"1004,0";"1003,9";"1,6";"298,0";"4,0";"";""
"27/04/2025";"0900";"24,6";"24,6";"24,5";"";"";"";"";"";"";"1004,1";"1004,1";"1003,9";"0,7";"302,0";"3,0";"";""
"27/04/2025";"1000";"24,5";"24,7";"24,5";"";"";"";"";"";"";"1004,7";"1004,7";"1004,1";"0,8";"308,0";"2,3";"4,00";""
"27/04/2025";"1100";"25,7";"25,7";"24,5";"";"";"";"";"";"";"1005,6";"1005,6";"1004,7";"0,0";"276,0";"2,3";"209,00";""
"27/04/2025";"1200";"27,0";"27,0";"25,7";"96,0";"100,0";"92,0";"26,3";"26,6";"25,4";"1006,5";"1006,5";"1005,6";"0,0";"278,0";"1,8";"616,50";""
"27/04/2025";"1300";"27,2";"27,5";"26,6";"93,0";"97,0";"88,0";"26,0";"26,2";"25,0";"1007,3";"1007,3";"1006,5";"0,8";"221,0";"2,1";"737,60";""
"27/04/2025";"1400";"27,4";"27,6";"27,1";"86,0";"95,0";"84,0";"24,7";"26,3";"24,6";"1007,9";"1007,9";"1007,3";"1,4";"238,0";"3,0";"1103,60";""
"27/04/2025";"1500";"28,9";"28,9";"27,4";"77,0";"87,0";"74,0";"24,4";"25,2";"23,6";"1007,7";"1007,9";"1007,7";"0,6";"230,0";"2,4";"1027,30";""
"27/04/2025";"1600";"28,5";"28,9";"28,2";"80,0";"82,0";"76,0";"24,7";"25,4";"23,6";"1007,1";"1007,8";"1007,1";"1,5";"232,0";"2,8";"1236,70";""
"27/04/2025";"1700";"29,4";"29,4";"28,2";"76,0";"81,0";"74,0";"24,7";"25,2";"24,0";"1006,0";"1007,1";"1006,0";"1,3";"219,0";"2,5";"1632,80";""
"27/04/2025";"1800";"28,8";"29,9";"28,8";"75,0";"78,0";"71,0";"24,0";"25,3";"23,3";"1004,2";"1006,0";"1004,2";"1,5";"235,0";"3,0";"2454,70";""
"27/04/2025";"1900";"29,6";"29,9";"28,7";"75,0";"76,0";"72,0";"24,7";"25,1";"23,9";"1003,0";"1004,2";"1003,0";"1,5";"234,0";"3,7";"2155,70";""
"27/04/2025";"2000";"29,3";"30,2";"28,9";"71,0";"76,0";"67,0";"23,4";"24,7";"23,1";"1002,4";"1003,0";"1002,4";"2,0";"275,0";"3,6";"1175,60";""
"27/04/2025";"2100";"28,8";"30,0";"28,8";"74,0";"74,0";"67,0";"23,6";"23,9";"23,0";"1002,9";"1003,0";"1002,4";"0,6";"240,0";"3,2";"488,70";""
"27/04/2025";"2200";"27,6";"28,8";"27,6";"90,0";"90,0";"74,0";"25,9";"25,9";"23,6";"1003,7";"1003,7";"1002,8";"0,8";"316,0";"3,8";"54,80";""
"27/04/2025";"2300";"26,6";"27,6";"26,6";"99,0";"99,0";"84,0";"26,5";"26,5";"24,4";"1004,8";"1004,8";"1003,7";"1,3";"303,0";"3,9";"";""
"28/04/2025";"0000";"26,1";"26,6";"26,1";"100,0";"100,0";"99,0";"26,1";"26,5";"26,1";"1005,7";"1005,8";"1004,7";"1,8";"302,0";"3,6";"";""
"28/04/2025";"0100";"25,2";"26,1";"25,2";"";"100,0";"99,0";"";"26,1";"25,6";"1006,3";"1006,4";"1005,8";"1,8";"299,0";"3,3";"";""
"28/04/2025";"0200";"25,1";"25,3";"25,0";"";"";"";"";"";"";"1006,8";"1006,8";"1006,0";"1,0";"318,0";"3,6";"";""
"28/04/2025";"0300";"25,2";"25,2";"25,0";"";"";"";"";"";"";"1007,1";"1007,2";"1006,8";"0,1";"293,0";"3,2";"";""
"28/04/2025";"0400";"25,4";"25,5";"25,2";"";"";"";"";"";"";"1007,1";"1007,2";"1007,1";"0,3";"324,0";"2,1";"";""
"28/04/2025";"0500";"25,3";"25,4";"25,1";"";"";"";"";"";"";"1006,6";"1007,1";"1006,6";"0,5";"266,0";"2,8";"";""
"28/04/2025";"0600";"25,1";"25,5";"25,0";"";"";"";"";"";"";"1005,8";"1006,6";"1005,8";"0,1";"286,0";"1,6";"";""
"28/04/2025";"0700";"25,1";"25,6";"25,0";"";"";"";"";"";"";"1005,1";"1005,8";"1005,1";"0,9";"329,0";"2,4";"";""
"28/04/2025";"0800";"25,1";"25,4";"25,1";"";"";"";"";"";"";"1005,4";"1005,4";"1005,1";"0,3";"309,0";"2,5";"";""
"28/04/2025";"0900";"25,3";"25,3";"24,8";"";"";"";"";"";"";"1006,0";"1006,0";"1005,4";"0,0";"316,0";"1,0";"";""
"28/04/2025";"1000";"25,1";"25,5";"25,1";"";"";"";"";"";"";"1006,3";"1006,4";"1006,0";"0,0";"292,0";"0,0";"1,40";""
"28/04/2025";"1100";"26,1";"26,1";"24,9";"";"";"";"";"";"";"1006,6";"1006,6";"1006,3";"0,5";"255,0";"1,8";"115,30";""
"28/04/2025";"1200";"27,4";"27,4";"26,1";"92,0";"100,0";"85,0";"25,9";"26,7";"24,6";"1007,4";"1007,4";"1006,6";"1,3";"236,0";"2,4";"807,10";""
"28/04/2025";"1300";"28,3";"28,4";"27,4";"82,0";"92,0";"80,0";"24,9";"26,1";"24,1";"1007,8";"1007,8";"1007,3";"1,4";"234,0";"2,8";"1632,80";""
"28/04/2025";"1400";"28,1";"28,5";"27,8";"84,0";"88,0";"80,0";"25,0";"26,0";"24,3";"1008,1";"1008,1";"1007,7";"1,3";"233,0";"3,2";"1966,60";""
"28/04/2025";"1500";"29,7";"30,0";"28,0";"78,0";"84,0";"76,0";"25,5";"26,5";"24,3";"1007,8";"1008,3";"1007,8";"1,2";"217,0";"2,9";"2045,50";""
"28/04/2025";"1600";"30,1";"30,5";"29,1";"75,0";"81,0";"72,0";"25,3";"26,4";"24,1";"1007,0";"1007,8";"1007,0";"1,2";"214,0";"3,5";"2756,70";""
"28/04/2025";"1700";"30,1";"30,4";"29,4";"65,0";"76,0";"64,0";"22,8";"25,0";"22,4";"1005,5";"1007,0";"1005,5";"1,6";"237,0";"2,9";"2791,70";""
"28/04/2025";"1800";"30,8";"31,0";"29,8";"71,0";"71,0";"65,0";"24,8";"24,9";"22,6";"1004,1";"1005,5";"1004,1";"0,8";"219,0";"2,8";"2246,10";""
"28/04/2025";"1900";"30,6";"31,9";"30,6";"66,0";"72,0";"65,0";"23,5";"25,8";"23,4";"1003,6";"1004,1";"1003,4";"1,5";"226,0";"2,9";"2059,10";""
"28/04/2025";"2000";"30,6";"31,2";"30,3";"65,0";"69,0";"64,0";"23,2";"24,3";"22,8";"1003,0";"1003,6";"1003,0";"1,1";"246,0";"3,1";"1354,50";""
"28/04/2025";"2100";"29,8";"30,8";"29,8";"67,0";"68,0";"65,0";"23,0";"23,8";"22,6";"1002,7";"1003,0";"1002,5";"0,2";"212,0";"1,9";"557,10";""
"28/04/2025";"2200";"28,3";"29,8";"28,2";"75,0";"76,0";"66,0";"23,5";"23,7";"22,3";"1003,4";"1003,4";"1002,7";"0,0";"299,0";"1,7";"50,90";""
"28/04/2025";"2300";"27,4";"28,3";"27,3";"79,0";"80,0";"75,0";"23,5";"23,9";"23,3";"1003,4";"1003,5";"1003,3";"0,0";"291,0";"1,7";"";""
"29/04/2025";"0000";"27,3";"27,8";"27,3";"83,0";"83,0";"79,0";"24,2";"24,3";"23,5";"1004,2";"1004,3";"1003,5";"1,2";"307,0";"2,5";"";""
"29/04/2025";"0100";"27,1";"27,4";"27,0";"99,0";"99,0";"83,0";"26,9";"26,9";"24,2";"1004,9";"1004,9";"1004,2";"0,9";"322,0";"3,1";"";""
"29/04/2025";"0200";"26,4";"27,1";"26,4";"";"";"";"";"";"";"1005,5";"1005,5";"1004,9";"1,3";"303,0";"2,6";"";""
"29/04/2025";"0300";"26,1";"26,4";"26,1";"";"";"";"";"";"";"1005,9";"1005,9";"1005,4";"1,4";"296,0";"2,6";"";""
"29/04/2025";"0400";"26,0";"26,1";"25,9";"";"";"";"";"";"";"1005,7";"1005,9";"1005,6";"1,0";"305,0";"3,0";"";""
"29/04/2025";"0500";"25,8";"26,0";"25,7";"";"";"";"";"";"";"1005,3";"1005,7";"1005,3";"1,2";"295,0";"2,6";"";""
"29/04/2025";"0600";"25,4";"25,9";"25,4";"";"";"";"";"";"";"1004,8";"1005,3";"1004,8";"0,6";"309,0";"2,3";"";""
"29/04/2025";"0700";"25,1";"25,4";"25,1";"";"";"";"";"";"";"1004,5";"1004,8";"1004,5";"1,0";"314,0";"2,5";"";""
"29/04/2025";"0800";"24,9";"25,2";"24,9";"";"";"";"";"";"";"1004,6";"1004,6";"1004,4";"0,7";"310,0";"3,1";"";""
"29/04/2025";"0900";"24,6";"24,9";"24,6";"";"";"";"";"";"";"1004,4";"1004,6";"1004,3";"1,5";"301,0";"3,0";"";""
"29/04/2025";"1000";"24,7";"24,7";"24,5";"";"";"";"";"";"";"1004,9";"1004,9";"1004,4";"0,1";"310,0";"3,0";"3,60";""
"29/04/2025";"1100";"25,3";"25,5";"24,7";"";"";"";"";"";"";"1005,6";"1005,6";"1004,9";"0,6";"243,0";"1,9";"164,50";""
"29/04/2025";"1200";"27,3";"27,4";"25,3";"94,0";"";"";"26,2";"";"";"1006,4";"1006,5";"1005,6";"0,5";"227,0";"2,0";"875,40";""
"29/04/2025";"1300";"28,5";"28,9";"27,3";"83,0";"99,0";"81,0";"25,3";"27,4";"25,0";"1006,5";"1006,6";"1006,4";"1,3";"221,0";"2,6";"1452,50";""
"29/04/2025";"1400";"30,5";"30,8";"28,3";"76,0";"91,0";"72,0";"25,7";"27,6";"24,5";"1006,8";"1006,8";"1006,5";"0,7";"248,0";"2,8";"2168,30";""
"29/04/2025";"1500";"30,8";"31,0";"29,6";"74,0";"78,0";"71,0";"25,7";"26,5";"24,2";"1006,4";"1006,8";"1006,4";"0,9";"203,0";"3,0";"1918,30";""
"29/04/2025";"1600";"30,8";"32,0";"30,4";"70,0";"75,0";"60,0";"24,6";"26,1";"23,2";"1004,9";"1006,4";"1004,9";"1,1";"214,0";"4,4";"3217,20";""
"29/04/2025";"1700";"32,6";"32,7";"30,7";"59,0";"73,0";"56,0";"23,5";"25,9";"22,6";"1003,3";"1004,9";"1003,3";"1,9";"264,0";"5,5";"3006,20";""
"29/04/2025";"1800";"32,8";"33,2";"32,1";"58,0";"62,0";"54,0";"23,3";"24,2";"22,1";"1002,0";"1003,3";"1002,0";"1,7";"270,0";"6,7";"2704,90";""
"29/04/2025";"1900";"32,7";"33,2";"32,2";"55,0";"61,0";"54,0";"22,5";"24,3";"22,2";"1000,9";"1002,0";"1000,9";"1,7";"262,0";"4,8";"2066,50";""
"29/04/2025";"2000";"32,2";"32,9";"31,8";"56,0";"59,0";"55,0";"22,3";"23,4";"22,0";"1000,6";"1000,9";"1000,6";"2,0";"286,0";"4,9";"1253,60";""
"29/04/2025";"2100";"31,3";"32,7";"31,3";"61,0";"62,0";"55,0";"23,0";"23,3";"22,3";"1000,9";"1000,9";"1000,6";"1,6";"292,0";"4,0";"558,30";""
"29/04/2025";"2200";"29,5";"31,3";"29,5";"72,0";"72,0";"61,0";"23,9";"23,9";"22,7";"1001,7";"1001,7";"1000,8";"0,7";"295,0";"3,3";"40,70";""
"29/04/2025";"2300";"28,6";"29,5";"28,4";"75,0";"77,0";"72,0";"23,7";"24,0";"23,5";"1002,5";"1002,5";"1001,7";"1,0";"305,0";"1,8";"";""
"30/04/2025";"0000";"28,1";"28,7";"27,8";"77,0";"78,0";"72,0";"23,5";"23,7";"23,0";"1003,1";"1003,1";"1002,5";"1,4";"299,0";"2,3";"";""
"30/04/2025";"0100";"";"";"";"";"";"";"";"";"";"";"";"";"";"";"";"";""
"30/04/2025";"0200";"27,1";"28,0";"26,9";"83,0";"84,0";"77,0";"24,0";"24,2";"23,0";"1005,6";"1005,6";"1004,6";"0,0";"208,0";"6,4";"";""
"30/04/2025";"0300";"27,0";"27,3";"26,8";"85,0";"86,0";"82,0";"24,2";"24,3";"23,8";"1005,8";"1005,8";"1005,5";"0,8";"246,0";"2,5";"";""
"30/04/2025";"0400";"26,5";"27,1";"26,5";"100,0";"100,0";"82,0";"26,5";"26,6";"23,5";"1005,3";"1005,8";"1005,2";"1,9";"266,0";"4,5";"";""
"30/04/2025";"0500";"26,1";"26,6";"25,9";"100,0";"100,0";"100,0";"26,1";"26,6";"26,0";"1004,1";"1005,3";"1004,1";"1,2";"340,0";"4,5";"";""
"30/04/2025";"0600";"25,8";"26,1";"25,8";"";"";"";"";"";"";"1003,4";"1004,1";"1003,4";"0,6";"341,0";"2,0";"";""
"30/04/2025";"0700";"25,1";"25,8";"25,1";"";"";"";"";"";"";"1003,5";"1003,5";"1003,2";"0,0";"299,0";"3,3";"";""
"30/04/2025";"0800";"25,1";"25,1";"25,0";"";"";"";"";"";"";"1004,0";"1004,0";"1003,5";"0,0";"323,0";"0,0";"";""
"30/04/2025";"0900";"25,2";"25,4";"25,1";"";"";"";"";"";"";"1004,2";"1004,2";"1004,0";"0,0";"345,0";"0,0";"";""
"30/04/2025";"1000";"25,3";"25,5";"25,0";"";"";"";"";"";"";"1004,6";"1004,6";"1004,2";"1,1";"337,0";"2,5";"1,60";""
"30/04/2025";"1100";"25,4";"25,5";"25,3";"";"";"";"";"";"";"1005,1";"1005,1";"1004,6";"1,5";"339,0";"3,0";"139,60";""
"30/04/2025";"1200";"25,9";"26,0";"25,3";"";"";"";"";"";"";"1006,5";"1006,6";"1005,1";"0,0";"311,0";"3,5";"264,20";""
"30/04/2025";"1300";"24,4";"26,0";"24,1";"";"";"";"";"";"";"1007,2";"1007,4";"1006,5";"1,8";"300,0";"7,4";"138,90";""
"30/04/2025";"1400";"26,1";"26,1";"24,4";"";"";"";"";"";"";"1007,3";"1007,5";"1007,2";"1,4";"333,0";"3,8";"436,60";""
"30/04/2025";"1500";"26,9";"27,6";"26,0";"96,0";"";"";"26,1";"";"";"1007,1";"1007,3";"1006,7";"2,9";"334,0";"5,8";"1593,10";""
"30/04/2025";"1600";"28,4";"29,2";"26,9";"76,0";"99,0";"75,0";"23,7";"27,1";"23,7";"1005,8";"1007,1";"1005,8";"2,1";"335,0";"5,7";"2078,40";""
"30/04/2025";"1700";"29,2";"29,7";"28,3";"73,0";"80,0";"70,0";"23,8";"25,4";"23,1";"1004,6";"1005,8";"1004,6";"1,3";"267,0";"4,8";"1769,80";""
"30/04/2025";"1800";"28,9";"29,7";"28,7";"76,0";"77,0";"70,0";"24,2";"24,8";"23,0";"1003,8";"1004,6";"1003,4";"1,3";"265,0";"4,6";"1299,90";""
"30/04/2025";"1900";"28,3";"28,9";"28,2";"81,0";"82,0";"75,0";"24,8";"24,8";"24,0";"1003,0";"1003,8";"1002,9";"1,5";"258,0";"3,9";"584,50";""
"30/04/2025";"2000";"27,5";"28,6";"27,5";"86,0";"88,0";"78,0";"24,9";"25,5";"24,1";"1003,0";"1003,1";"1002,9";"2,0";"263,0";"5,8";"406,40";""
"30/04/2025";"2100";"27,1";"27,5";"27,1";"90,0";"96,0";"86,0";"25,3";"26,5";"24,9";"1004,1";"1004,1";"1003,0";"2,9";"239,0";"7,1";"199,60";""
"30/04/2025";"2200";"26,7";"27,2";"26,7";"90,0";"90,0";"82,0";"24,9";"25,4";"23,8";"1004,3";"1004,5";"1004,0";"1,3";"274,0";"6,1";"36,50";""
"30/04/2025";"2300";"25,8";"26,7";"25,5";"98,0";"100,0";"90,0";"25,5";"26,2";"24,8";"1004,3";"1004,6";"1004,2";"1,1";"338,0";"4,2";"";""